season,game_id,wl,fg_pct,fg2p_pct,fg3p_pct,freethrow_pct,off_rebounds,def_rebounds,total_rebounds,assists,steals,blocks,turnovers,personal_fouls,tot_points,home_away
1996,29600013,L,0.36,0.350877193,0.389,0.828,12,27,39,20,8,3,20,17,85,Home
1996,29600028,W,0.481,0.5,0.421,0.778,12,36,48,21,7,5,22,14,105,Away
1996,29600038,L,0.449,0.507692308,0.154,0.724,13,28,41,26,4,3,21,25,93,Home
1996,29600050,L,0.472,0.509433962,0.368,0.926,10,11,21,29,10,3,22,31,100,Home
1996,29600061,L,0.446,0.466666667,0.357,0.909,6,31,37,18,7,10,21,20,91,Away
1996,29600087,L,0.481,0.451612903,0.579,0.684,12,24,36,23,4,1,19,20,102,Away
1996,29600102,W,0.506,0.567164179,0.1,0.696,9,25,34,24,7,8,12,14,95,Home
1996,29600122,L,0.453,0.5,0.2,0.778,19,20,39,24,17,3,18,18,103,Away
1996,29600125,W,0.507,0.518518519,0.471,0.815,9,31,40,21,9,7,16,23,102,Away
1996,29600136,L,0.513,0.5,0.538,0.722,10,27,37,32,3,3,16,22,109,Home
1996,29600154,L,0.39,0.426229508,0.286,0.791,15,29,44,14,7,6,18,32,104,Away
1996,29600167,L,0.587,0.568965517,0.647,0.8,2,32,34,32,6,5,21,31,115,Home
1996,29600186,L,0.385,0.421052632,0.2,0.938,21,23,44,24,12,6,14,22,88,Home
1996,29600198,W,0.477,0.472972973,0.5,0.766,17,32,49,28,2,3,9,31,124,Home
1996,29600207,L,0.414,0.428571429,0.357,0.811,10,17,27,17,9,4,14,21,93,Away
1996,29600220,W,0.373,0.35,0.467,0.875,19,38,57,17,10,11,20,28,98,Home
1996,29600232,W,0.531,0.553846154,0.438,0.808,12,26,38,28,10,6,14,18,114,Home
1996,29600241,L,0.356,0.4,0.083,0.857,13,26,39,17,9,5,13,27,87,Away
1996,29600254,L,0.338,0.428571429,0.0,0.697,13,30,43,14,9,4,17,20,71,Home
1996,29600271,W,0.561,0.544117647,0.643,0.813,13,26,39,31,9,5,17,27,114,Home
1996,29600277,W,0.413,0.434782609,0.273,0.842,22,29,51,15,8,4,18,18,101,Away
1996,29600293,L,0.346,0.35483871,0.316,0.773,12,27,39,19,10,3,15,14,79,Away
1996,29600303,L,0.449,0.454545455,0.429,0.864,12,25,37,23,5,8,22,27,87,Away
1996,29600320,L,0.486,0.482142857,0.5,0.677,10,22,32,17,9,3,24,26,102,Home
1996,29600332,L,0.384,0.385964912,0.375,0.808,9,29,38,18,4,7,25,27,83,Away
1996,29600340,W,0.565,0.610169492,0.462,0.714,13,31,44,33,9,1,16,27,123,Home
1996,29600369,W,0.4,0.389830508,0.438,0.789,16,23,39,16,9,4,9,25,97,Home
1996,29600389,W,0.531,0.548387097,0.474,0.818,11,32,43,26,14,2,17,12,113,Away
1996,29600406,L,0.409,0.452054795,0.25,0.7,16,25,41,22,9,3,14,20,95,Away
1996,29600440,W,0.529,0.594202899,0.278,0.833,13,40,53,32,8,4,19,27,122,Home
1996,29600456,L,0.451,0.508474576,0.304,0.87,11,30,41,24,6,11,12,29,101,Home
1996,29600475,L,0.364,0.419354839,0.231,0.833,23,25,48,22,5,5,17,25,95,Home
1996,29600480,W,0.551,0.575757576,0.417,0.733,10,31,41,24,6,5,14,12,102,Away
1996,29600500,L,0.463,0.454545455,0.5,0.857,9,22,31,20,10,3,16,22,93,Away
1996,29600508,L,0.5,0.567164179,0.235,0.8,11,23,34,23,8,5,21,24,108,Away
1996,29600516,W,0.556,0.594202899,0.429,0.704,11,29,40,24,10,5,14,29,128,Away
1996,29600532,W,0.413,0.453125,0.25,0.933,16,34,50,21,7,10,15,27,98,Away
1996,29600542,L,0.472,0.490566038,0.421,0.708,5,24,29,22,6,6,16,21,93,Away
1996,29600567,W,0.474,0.508474576,0.368,0.686,9,27,36,23,11,3,8,18,105,Home
1996,29600581,L,0.449,0.479166667,0.381,0.643,7,26,33,24,4,3,17,13,79,Home
1996,29600590,L,0.427,0.467532468,0.167,0.704,16,23,39,23,11,6,15,27,97,Away
1996,29600605,W,0.547,0.580645161,0.385,0.946,11,31,42,31,8,1,14,21,122,Home
1996,29600624,L,0.392,0.45,0.211,0.714,12,27,39,20,8,5,21,15,86,Home
1996,29600636,L,0.463,0.5,0.35,0.643,15,25,40,24,6,1,22,14,92,Home
1996,29600645,L,0.429,0.418181818,0.467,0.861,10,22,32,15,9,2,13,21,98,Away
1996,29600666,L,0.434,0.507692308,0.167,0.556,14,25,39,27,5,2,11,16,85,Home
1996,29600703,W,0.512,0.555555556,0.368,0.762,14,34,48,23,8,8,14,20,107,Away
1996,29600712,W,0.458,0.466666667,0.435,0.917,10,35,45,25,7,9,10,19,108,Away
1996,29600728,L,0.418,0.444444444,0.313,0.636,10,31,41,14,1,7,16,17,85,Away
1996,29600749,W,0.55,0.578125,0.438,0.586,11,28,39,35,20,8,18,25,112,Home
1996,29600764,L,0.337,0.366197183,0.238,0.789,22,31,53,16,9,5,22,20,82,Away
1996,29600771,L,0.375,0.394736842,0.3,0.692,20,25,45,18,7,1,20,22,87,Away
1996,29600784,L,0.559,0.622641509,0.333,0.679,7,22,29,20,5,1,20,25,100,Away
1996,29600797,L,0.392,0.412698413,0.313,0.739,17,23,40,16,2,5,15,17,84,Away
1996,29600810,W,0.486,0.5,0.438,0.864,14,34,48,24,5,6,20,26,117,Away
1996,29600820,L,0.425,0.426229508,0.421,0.78,12,19,31,16,7,0,20,29,108,Away
1996,29600836,L,0.578,0.617021277,0.471,0.846,7,21,28,23,8,0,19,28,104,Home
1996,29600854,L,0.397,0.428571429,0.267,0.826,15,31,46,16,4,1,21,23,85,Home
1996,29600870,W,0.551,0.588235294,0.3,0.76,14,29,43,26,11,2,19,18,108,Home
1996,29600885,W,0.458,0.46969697,0.333,0.919,15,24,39,18,14,3,24,20,102,Home
1996,29600887,L,0.411,0.444444444,0.316,0.851,13,25,38,15,8,6,19,26,106,Away
1996,29600905,L,0.442,0.455882353,0.389,0.818,15,21,36,24,6,5,15,21,101,Away
1996,29600910,W,0.529,0.566037736,0.412,0.833,5,23,28,23,6,3,17,21,101,Home
1996,29600927,W,0.525,0.578125,0.313,0.708,16,30,46,30,5,2,16,17,106,Home
1996,29600943,L,0.494,0.565217391,0.083,0.519,14,28,42,29,4,4,15,19,95,Home
1996,29600954,L,0.437,0.462962963,0.353,0.697,11,36,47,11,5,4,20,24,91,Away
1996,29600960,L,0.529,0.6,0.267,0.708,13,30,43,21,6,4,20,21,95,Away
1996,29600976,L,0.402,0.442857143,0.235,0.95,16,30,46,18,1,5,17,21,93,Away
1996,29601000,L,0.443,0.5,0.25,0.676,11,23,34,19,4,7,24,27,89,Home
1996,29601022,L,0.478,0.486111111,0.444,0.724,12,38,50,30,6,5,19,31,115,Away
1996,29601037,L,0.463,0.46969697,0.438,0.864,13,27,40,26,4,2,20,25,102,Home
1996,29601045,W,0.47,0.490196078,0.4,0.821,7,36,43,17,3,3,25,23,91,Away
1996,29601060,W,0.459,0.5,0.294,0.742,24,26,50,24,9,7,17,19,106,Home
1996,29601076,W,0.566,0.6,0.444,0.72,13,23,36,32,9,2,12,15,120,Home
1996,29601084,L,0.467,0.466666667,0.467,0.742,15,18,33,28,6,2,20,29,100,Home
1996,29601099,L,0.405,0.438356164,0.182,0.75,20,19,39,25,11,3,19,16,85,Home
1996,29601113,W,0.412,0.416666667,0.389,0.75,18,41,59,27,7,7,12,16,109,Home
1996,29601122,L,0.419,0.423728814,0.4,0.633,11,30,41,11,7,5,19,13,87,Away
1996,29601136,L,0.422,0.452054795,0.294,0.64,19,32,51,15,7,3,14,19,97,Home
1996,29601144,W,0.409,0.444444444,0.167,0.926,16,38,54,15,5,3,8,16,103,Away
1996,29601161,L,0.405,0.434782609,0.267,0.808,21,23,44,18,13,5,20,19,93,Away
1996,29601180,L,0.467,0.488888889,0.353,0.7,24,29,53,26,7,3,14,22,120,Home
1997,29700008,L,0.458,0.483870968,0.286,0.688,21,27,48,24,7,11,12,22,113,Away
1997,29700017,L,0.367,0.372093023,0.25,0.64,18,32,50,11,9,6,17,27,83,Away
1997,29700034,L,0.398,0.435897436,0.1,0.517,23,35,58,26,4,3,25,24,86,Away
1997,29700044,L,0.407,0.428571429,0.313,0.656,12,33,45,16,6,5,17,30,96,Away
1997,29700074,L,0.35,0.38372093,0.143,0.692,27,36,63,13,3,3,15,23,90,Home
1997,29700076,L,0.394,0.412371134,0.143,0.538,20,24,44,26,8,5,13,31,97,Away
1997,29700096,L,0.367,0.4,0.111,0.632,12,24,36,18,8,5,15,24,71,Home
1997,29700121,L,0.383,0.386666667,0.333,0.793,6,30,36,18,8,11,9,19,87,Home
1997,29700143,L,0.404,0.4375,0.111,0.7,14,25,39,24,9,7,13,26,87,Away
1997,29700149,W,0.418,0.443037975,0.25,0.786,22,44,66,17,6,5,21,26,101,Away
1997,29700167,L,0.382,0.426666667,0.143,0.667,17,37,54,17,7,9,14,22,84,Away
1997,29700180,L,0.409,0.417721519,0.333,0.923,22,28,50,23,11,4,20,20,87,Home
1997,29700201,L,0.337,0.333333333,0.364,0.889,15,23,38,17,9,4,16,18,82,Away
1997,29700213,L,0.422,0.4125,0.5,0.792,24,28,52,22,8,5,23,36,100,Home
1997,29700235,L,0.392,0.382352941,0.5,0.857,8,34,42,21,7,8,28,22,67,Home
1997,29700250,W,0.506,0.507042254,0.5,0.708,12,40,52,32,7,7,18,26,104,Home
1997,29700263,L,0.386,0.423076923,0.1,0.682,14,39,53,20,3,9,20,34,84,Away
1997,29700284,W,0.422,0.435897436,0.2,0.846,14,30,44,26,11,7,16,28,93,Home
1997,29700299,L,0.404,0.418604651,0.0,0.762,16,27,43,22,10,5,15,24,88,Away
1997,29700309,W,0.407,0.415730337,0.0,0.724,14,39,53,22,12,6,19,21,95,Home
1997,29700326,W,0.518,0.518987342,0.5,0.6,12,38,50,30,9,7,11,18,103,Home
1997,29700339,L,0.39,0.41025641,0.0,0.56,19,34,53,12,11,6,18,23,78,Away
1997,29700360,L,0.427,0.445783133,0.167,0.571,16,27,43,24,9,4,17,25,89,Away
1997,29700371,L,0.466,0.46969697,0.429,0.417,12,26,38,24,9,3,27,24,76,Away
1997,29700377,W,0.507,0.532258065,0.286,0.625,7,37,44,27,3,7,16,25,87,Home
1997,29700389,W,0.453,0.431034483,0.667,0.679,10,34,44,14,7,7,24,23,81,Away
1997,29700400,L,0.417,0.445945946,0.2,0.5,17,34,51,19,5,12,19,25,78,Home
1997,29700420,L,0.47,0.473684211,0.429,0.5,13,32,45,26,11,9,23,16,87,Home
1997,29700436,L,0.358,0.378378378,0.143,0.714,17,33,50,19,11,5,20,19,79,Home
1997,29700473,L,0.41,0.432432432,0.222,0.8,17,26,43,22,6,4,14,23,86,Home
1997,29700483,L,0.387,0.40625,0.273,0.524,7,29,36,18,4,4,19,18,72,Away
1997,29700492,L,0.427,0.397260274,0.667,0.545,17,32,49,23,7,3,16,20,82,Away
1997,29700504,L,0.383,0.371428571,0.455,0.741,13,25,38,20,7,5,14,25,87,Away
1997,29700520,L,0.456,0.457142857,0.444,0.792,15,25,40,20,6,4,17,26,95,Away
1997,29700530,L,0.406,0.458823529,0.0,0.611,25,21,46,17,7,7,11,24,89,Away
1997,29700538,L,0.349,0.378378378,0.167,0.815,20,25,45,22,9,7,16,21,84,Away
1997,29700561,L,0.333,0.363636364,0.1,0.625,22,28,50,15,4,7,15,21,69,Home
1997,29700573,L,0.417,0.466666667,0.0,0.625,12,26,38,16,10,12,9,22,85,Away
1997,29700585,L,0.359,0.363636364,0.333,0.625,13,36,49,20,9,5,14,22,80,Home
1997,29700597,L,0.402,0.417721519,0.25,0.857,12,24,36,15,9,6,8,23,96,Away
1997,29700612,W,0.45,0.452054795,0.429,0.538,9,27,36,24,4,7,11,19,82,Away
1997,29700626,L,0.463,0.492957746,0.273,0.75,11,27,38,14,11,5,18,25,97,Away
1997,29700635,L,0.398,0.4,0.375,0.846,19,30,49,19,5,5,20,25,80,Home
1997,29700648,L,0.345,0.35,0.286,0.722,28,22,50,19,7,7,22,28,88,Home
1997,29700664,L,0.482,0.493670886,0.25,0.75,10,24,34,17,8,6,8,23,96,Home
1997,29700692,L,0.439,0.460526316,0.167,0.519,14,37,51,21,8,4,23,23,87,Home
1997,29700701,L,0.406,0.413793103,0.357,1.0,20,27,47,22,7,8,13,27,99,Away
1997,29700716,L,0.442,0.465116279,0.222,0.545,20,31,51,24,6,8,14,20,92,Home
1997,29700729,W,0.494,0.493333333,0.5,0.72,22,30,52,31,12,7,22,23,101,Home
1997,29700743,L,0.366,0.38372093,0.143,0.667,13,33,46,18,9,1,12,31,83,Away
1997,29700749,W,0.435,0.483333333,0.111,0.771,12,34,46,20,10,3,20,20,88,Home
1997,29700764,W,0.471,0.50877193,0.273,0.8,8,29,37,25,12,5,17,20,95,Home
1997,29700780,L,0.477,0.518518519,0.273,0.68,13,30,43,18,3,1,22,25,82,Home
1997,29700787,W,0.407,0.441558442,0.111,0.889,13,33,46,18,9,6,12,14,87,Away
1997,29700804,L,0.42,0.428571429,0.364,0.625,9,29,38,20,10,3,20,23,87,Away
1997,29700809,L,0.371,0.410958904,0.188,0.633,21,24,45,19,7,3,15,14,88,Away
1997,29700825,L,0.391,0.404761905,0.0,0.824,13,29,42,23,8,2,20,21,82,Away
1997,29700832,L,0.419,0.451612903,0.25,0.667,8,27,35,22,8,4,19,19,83,Away
1997,29700849,W,0.417,0.41025641,0.5,0.81,13,27,40,21,17,7,18,24,90,Home
1997,29700864,L,0.383,0.397260274,0.25,0.793,23,29,52,20,7,2,19,17,87,Home
1997,29700882,W,0.389,0.409638554,0.143,0.71,24,38,62,16,6,5,9,20,93,Away
1997,29700897,L,0.36,0.380952381,0.0,0.741,19,33,52,19,5,5,19,17,84,Home
1997,29700910,L,0.363,0.361111111,0.375,0.8,16,33,49,16,6,4,19,18,77,Away
1997,29700925,L,0.37,0.373626374,0.333,0.583,26,42,68,20,7,7,16,22,98,Home
1997,29700942,L,0.425,0.43902439,0.2,0.794,24,25,49,24,6,7,17,18,102,Home
1997,29700955,L,0.337,0.3625,0.2,0.833,24,32,56,21,9,6,21,22,82,Away
1997,29700961,L,0.374,0.382716049,0.3,0.941,22,31,53,17,3,4,10,25,87,Away
1997,29700975,L,0.378,0.378378378,0.375,0.818,15,31,46,17,4,8,16,30,83,Away
1997,29700993,L,0.431,0.434782609,0.333,0.75,14,26,40,20,7,0,21,13,75,Home
1997,29701007,W,0.453,0.46835443,0.286,0.667,23,35,58,28,10,8,16,23,98,Home
1997,29701017,L,0.419,0.405797101,0.6,0.8,15,20,35,18,4,4,15,20,89,Away
1997,29701034,L,0.432,0.457142857,0.0,0.633,15,24,39,19,4,1,17,19,83,Home
1997,29701045,L,0.412,0.44,0.2,0.68,16,36,52,24,9,8,21,29,89,Home
1997,29701057,W,0.521,0.52238806,0.5,0.735,10,27,37,30,8,5,13,21,104,Away
1997,29701073,L,0.369,0.402777778,0.167,0.762,9,25,34,12,5,8,16,28,80,Away
1997,29701098,L,0.514,0.5,0.625,0.692,11,22,33,28,5,3,14,30,99,Home
1997,29701113,L,0.481,0.493506494,0.25,0.769,11,34,45,27,6,2,20,17,89,Home
1997,29701127,L,0.417,0.45,0.25,0.636,11,26,37,23,10,1,17,27,84,Home
1997,29701139,L,0.435,0.44,0.4,0.792,11,35,46,22,7,3,15,24,97,Home
1997,29701157,W,0.427,0.441176471,0.286,0.867,9,38,47,17,6,5,14,19,92,Away
1997,29701160,W,0.425,0.430379747,0.375,0.647,17,30,47,26,10,6,13,12,88,Home
1997,29701180,W,0.489,0.512195122,0.25,0.786,20,24,44,31,10,5,11,18,112,Home
1998,29800019,L,0.423,0.430769231,0.385,0.591,14,29,43,23,15,2,15,27,84,Home
1998,29800026,L,0.365,0.382978723,0.2,0.677,27,37,64,24,4,8,18,35,99,Home
1998,29800043,L,0.352,0.344827586,0.385,0.533,13,29,42,14,8,4,20,31,71,Away
1998,29800049,L,0.444,0.490566038,0.316,0.632,10,28,38,18,13,4,22,26,82,Home
1998,29800064,L,0.429,0.463768116,0.125,0.56,13,30,43,23,9,6,18,33,81,Home
1998,29800072,W,0.377,0.404761905,0.273,0.655,27,34,61,28,10,4,12,25,105,Home
1998,29800078,W,0.48,0.535714286,0.316,0.639,15,31,46,24,8,6,17,21,101,Home
1998,29800097,W,0.411,0.4375,0.267,0.609,25,30,55,29,11,4,13,20,96,Home
1998,29800113,W,0.393,0.423076923,0.182,0.632,13,37,50,23,9,3,10,26,84,Home
1998,29800122,L,0.423,0.426470588,0.4,0.609,11,24,35,16,11,5,14,32,84,Away
1998,29800144,W,0.451,0.492957746,0.182,0.75,13,32,45,23,9,9,15,25,94,Away
1998,29800170,W,0.452,0.448275862,0.467,0.553,15,42,57,24,5,3,16,26,94,Home
1998,29800185,L,0.389,0.439393939,0.25,0.65,19,35,54,16,5,5,13,29,89,Away
1998,29800200,L,0.395,0.393442623,0.4,0.706,8,30,38,21,10,5,20,27,78,Away
1998,29800208,L,0.333,0.328767123,0.375,0.618,22,26,48,12,8,3,18,27,78,Away
1998,29800224,W,0.529,0.540540541,0.455,0.778,13,27,40,32,9,7,12,22,102,Away
1998,29800230,L,0.351,0.370967742,0.25,0.658,15,25,40,11,9,6,17,36,80,Away
1998,29800256,W,0.482,0.5,0.286,0.421,17,40,57,32,9,4,20,18,92,Home
1998,29800274,W,0.392,0.416666667,0.143,0.634,17,34,51,17,6,3,13,23,89,Home
1998,29800281,L,0.36,0.375,0.273,0.568,15,34,49,15,9,10,19,24,78,Away
1998,29800290,L,0.376,0.432432432,0.0,0.588,18,38,56,17,8,6,18,24,74,Home
1998,29800306,L,0.505,0.525641026,0.4,0.714,13,33,46,28,8,2,18,27,105,Home
1998,29800325,L,0.367,0.4,0.2,0.643,25,33,58,23,6,8,16,22,78,Home
1998,29800340,W,0.415,0.426829268,0.333,0.615,23,27,50,24,12,2,9,23,90,Home
1998,29800371,L,0.31,0.338028169,0.154,0.783,18,27,45,10,12,2,15,25,72,Away
1998,29800378,W,0.474,0.486111111,0.333,0.696,13,28,41,15,9,2,14,21,92,Away
1998,29800397,W,0.43,0.449275362,0.3,0.763,20,30,50,22,10,3,17,25,100,Home
1998,29800405,L,0.386,0.410958904,0.267,0.667,24,30,54,26,5,4,12,24,86,Home
1998,29800429,W,0.47,0.472972973,0.444,0.733,14,37,51,24,7,7,17,24,93,Home
1998,29800435,L,0.344,0.373493976,0.0,0.667,19,41,60,12,11,9,22,25,78,Away
1998,29800453,L,0.398,0.407407407,0.286,0.765,22,25,47,18,9,3,12,26,85,Home
1998,29800460,W,0.416,0.450704225,0.0,0.607,11,34,45,19,6,2,14,27,81,Away
1998,29800475,L,0.348,0.358024691,0.25,0.688,22,32,54,15,6,5,13,29,86,Away
1998,29800482,L,0.307,0.325,0.125,0.679,21,28,49,9,6,4,7,17,74,Away
1998,29800500,L,0.458,0.476190476,0.333,0.8,6,21,27,21,8,6,12,38,85,Away
1998,29800515,W,0.469,0.479452055,0.375,0.75,14,30,44,20,7,6,15,22,91,Away
1998,29800533,W,0.494,0.521126761,0.3,0.808,12,29,41,23,8,2,11,28,104,Away
1998,29800557,W,0.354,0.342465753,0.5,0.839,14,36,50,14,11,3,14,21,85,Home
1998,29800569,L,0.438,0.471428571,0.2,0.688,22,26,48,25,5,2,20,20,83,Home
1998,29800585,W,0.41,0.4,0.5,0.857,20,25,45,18,10,5,21,25,90,Away
1998,29800600,L,0.457,0.481481481,0.273,0.652,14,22,36,30,14,0,22,35,102,Home
1998,29800609,L,0.418,0.430232558,0.333,0.727,13,36,49,20,5,1,11,31,94,Away
1998,29800622,L,0.394,0.446428571,0.2,0.781,14,32,46,19,8,5,20,26,84,Away
1998,29800631,W,0.457,0.493975904,0.182,0.385,18,47,65,30,9,6,14,24,93,Home
1998,29800649,W,0.506,0.53164557,0.3,0.724,17,35,52,30,5,5,12,20,114,Home
1998,29800671,L,0.456,0.476923077,0.357,0.667,13,18,31,14,7,5,14,27,85,Away
1998,29800680,L,0.39,0.405797101,0.25,0.852,8,38,46,22,4,6,15,17,85,Away
1998,29800688,L,0.494,0.519480519,0.3,0.417,15,23,38,28,7,1,13,20,94,Away
1998,29800704,W,0.455,0.490909091,0.273,0.875,9,33,42,19,7,6,20,24,91,Away
1998,29800724,L,0.333,0.321428571,0.444,0.75,22,31,53,17,7,2,8,20,81,Home
1999,29900007,L,0.415,0.421875,0.389,0.778,18,33,51,14,4,2,23,29,96,Away
1999,29900023,L,0.341,0.3375,0.375,0.72,22,29,51,17,5,6,17,28,81,Away
1999,29900042,L,0.358,0.369565217,0.286,0.739,33,26,59,27,5,11,13,19,97,Home
1999,29900059,L,0.347,0.376470588,0.1,0.815,17,31,48,15,6,2,14,19,89,Home
1999,29900081,W,0.465,0.478873239,0.4,0.81,12,27,39,25,13,4,17,23,103,Away
1999,29900089,L,0.4,0.426829268,0.231,0.842,21,36,57,26,4,6,15,28,95,Home
1999,29900108,W,0.437,0.461538462,0.222,0.7,17,42,59,22,10,8,12,22,99,Home
1999,29900118,L,0.523,0.539473684,0.417,0.579,11,29,40,29,6,6,18,24,108,Away
1999,29900143,L,0.326,0.314285714,0.375,0.63,17,28,45,20,8,3,13,26,79,Home
1999,29900169,L,0.364,0.397260274,0.2,0.739,7,36,43,21,12,3,11,25,84,Home
1999,29900180,L,0.412,0.415730337,0.375,0.667,19,31,50,21,7,4,18,22,95,Away
1999,29900193,L,0.404,0.415584416,0.333,0.706,20,34,54,22,4,5,19,16,88,Home
1999,29900198,L,0.521,0.446428571,0.8,0.565,8,17,25,26,7,2,16,21,99,Away
1999,29900214,L,0.333,0.337837838,0.3,0.727,18,34,52,14,11,8,20,26,75,Away
1999,29900223,L,0.417,0.390243902,0.571,0.667,18,29,47,20,10,5,11,24,108,Home
1999,29900240,L,0.4,0.454545455,0.143,0.552,22,26,48,21,7,4,19,33,82,Home
1999,29900252,L,0.333,0.381578947,0.071,0.71,21,33,54,18,5,3,14,22,83,Away
1999,29900263,L,0.427,0.435294118,0.389,0.579,23,32,55,26,9,3,12,31,106,Away
1999,29900275,W,0.475,0.489130435,0.286,0.647,15,31,46,34,12,5,11,28,107,Away
1999,29900288,W,0.482,0.493150685,0.417,0.739,6,35,41,23,8,3,11,20,104,Away
1999,29900306,W,0.461,0.5,0.267,0.64,15,28,43,29,8,0,9,27,102,Home
1999,29900321,L,0.413,0.436619718,0.333,0.714,22,29,51,23,9,1,18,34,108,Home
1999,29900329,L,0.394,0.390243902,0.417,0.706,14,32,46,17,10,0,13,27,91,Away
1999,29900355,W,0.523,0.586666667,0.091,0.625,13,34,47,31,14,5,17,24,111,Home
1999,29900367,L,0.438,0.448717949,0.389,0.571,15,29,44,30,3,3,10,21,99,Home
1999,29900376,L,0.416,0.435897436,0.273,0.875,14,21,35,22,5,0,11,28,91,Away
1999,29900386,L,0.438,0.462686567,0.308,0.519,10,24,34,21,12,4,18,21,88,Away
1999,29900395,L,0.424,0.405063291,0.667,0.467,13,28,41,23,7,3,18,23,83,Home
1999,29900410,L,0.44,0.5,0.308,0.545,17,31,48,25,7,4,20,29,94,Home
1999,29900426,L,0.455,0.508196721,0.25,0.65,10,25,35,25,9,4,20,24,87,Away
1999,29900441,L,0.402,0.432835821,0.3,0.762,17,20,37,22,5,3,16,25,92,Away
1999,29900450,L,0.306,0.329113924,0.211,0.786,23,30,53,16,12,8,22,23,75,Away
1999,29900476,L,0.398,0.417910448,0.333,0.581,16,32,48,25,7,1,18,28,95,Home
1999,29900488,L,0.442,0.464788732,0.333,0.724,19,27,46,24,8,2,16,25,102,Home
1999,29900503,L,0.457,0.46969697,0.4,0.69,11,36,47,21,10,7,20,24,100,Home
1999,29900525,L,0.418,0.443037975,0.316,0.733,18,28,46,27,9,2,16,30,99,Home
1999,29900538,W,0.511,0.544303797,0.308,0.6,13,32,45,30,12,4,14,20,113,Home
1999,29900563,W,0.471,0.450704225,0.563,0.828,17,32,49,31,13,3,17,28,115,Home
1999,29900578,L,0.356,0.346153846,0.444,0.682,15,29,44,16,8,3,17,23,81,Home
1999,29900590,L,0.409,0.430232558,0.143,0.788,25,31,56,18,10,4,19,27,103,Away
1999,29900602,W,0.477,0.452054795,0.615,0.694,13,29,42,24,7,5,12,27,115,Away
1999,29900637,W,0.533,0.56,0.4,0.714,13,33,46,26,7,5,9,19,107,Away
1999,29900645,W,0.521,0.516666667,0.538,0.783,10,27,37,26,7,3,17,23,101,Home
1999,29900659,W,0.513,0.52238806,0.462,0.6,13,36,49,29,7,5,18,24,103,Home
1999,29900670,L,0.376,0.371794872,0.4,0.7,20,26,46,21,12,3,19,28,90,Away
1999,29900677,L,0.424,0.467532468,0.2,0.655,13,28,41,24,10,3,17,26,100,Away
1999,29900690,L,0.449,0.476190476,0.333,0.862,8,27,35,21,4,4,12,20,100,Away
1999,29900713,L,0.403,0.456140351,0.25,0.571,13,41,54,21,10,6,20,23,83,Home
1999,29900720,L,0.456,0.466666667,0.421,0.938,13,25,38,23,18,2,30,28,95,Away
1999,29900735,W,0.512,0.565217391,0.267,0.711,14,37,51,30,12,8,14,33,122,Home
1999,29900748,W,0.49,0.518072289,0.308,0.667,18,40,58,31,9,7,17,27,112,Home
1999,29900762,L,0.35,0.378787879,0.214,0.833,15,20,35,15,10,4,15,23,89,Away
1999,29900770,W,0.386,0.4,0.308,0.633,21,41,62,27,9,2,16,22,91,Away
1999,29900783,L,0.392,0.364705882,0.529,0.5,25,25,50,15,10,2,14,19,99,Away
1999,29900791,L,0.375,0.407894737,0.167,0.741,19,39,58,17,5,4,18,29,88,Away
1999,29900807,W,0.371,0.382716049,0.25,0.6,21,37,58,24,8,4,9,13,80,Home
1999,29900834,L,0.361,0.4,0.176,0.6,16,26,42,24,13,11,15,27,88,Away
1999,29900850,L,0.425,0.447761194,0.308,0.767,11,35,46,25,11,9,24,23,95,Home
1999,29900865,L,0.415,0.471428571,0.083,0.75,15,34,49,20,3,4,11,33,99,Home
1999,29900878,L,0.427,0.460526316,0.0,0.595,15,31,46,22,8,7,16,22,92,Home
1999,29900889,L,0.417,0.434782609,0.333,0.588,12,32,44,26,9,9,19,19,85,Away
1999,29900902,L,0.442,0.466666667,0.273,0.857,17,26,43,25,4,6,7,19,103,Home
1999,29900911,L,0.378,0.4,0.267,0.462,16,31,47,20,4,9,13,25,78,Away
1999,29900918,L,0.441,0.457627119,0.333,0.707,13,26,39,15,6,4,21,31,104,Away
1999,29900936,W,0.423,0.424242424,0.417,0.632,8,35,43,21,12,7,24,31,95,Away
1999,29900953,L,0.352,0.379746835,0.111,0.633,17,30,47,21,10,5,16,19,82,Home
1999,29900969,L,0.342,0.34375,0.333,0.813,14,29,43,16,9,7,17,27,82,Away
1999,29900977,L,0.4,0.425,0.2,0.647,18,22,40,17,14,3,17,32,96,Away
1999,29900991,L,0.419,0.453125,0.2,0.792,15,22,37,20,14,4,20,25,83,Home
1999,29901005,L,0.386,0.416666667,0.182,0.64,15,26,41,14,15,5,15,30,82,Away
1999,29901016,L,0.396,0.404494382,0.286,0.533,12,26,38,19,12,3,16,25,86,Away
1999,29901030,L,0.424,0.447368421,0.222,0.842,10,28,38,19,6,10,11,26,90,Away
1999,29901038,L,0.363,0.353658537,0.444,0.771,22,22,44,12,8,3,13,24,97,Away
1999,29901053,L,0.435,0.428571429,0.467,0.842,17,25,42,29,8,4,17,27,113,Home
1999,29901073,L,0.417,0.419753086,0.4,0.692,23,35,58,28,10,2,12,23,104,Home
1999,29901088,L,0.4,0.428571429,0.2,0.818,17,23,40,24,11,1,22,28,84,Home
1999,29901103,W,0.506,0.545454545,0.125,0.625,18,28,46,30,12,2,15,26,117,Home
1999,29901119,W,0.524,0.56,0.143,0.759,13,28,41,25,8,5,12,20,109,Home
1999,29901134,L,0.419,0.431818182,0.2,0.8,16,29,45,19,12,2,16,32,107,Away
1999,29901142,L,0.364,0.355263158,0.417,0.824,19,28,47,17,11,7,15,28,97,Away
1999,29901164,L,0.474,0.492307692,0.385,0.586,9,26,35,27,12,1,12,22,96,Home
1999,29901187,L,0.381,0.405405405,0.2,0.667,11,27,38,25,13,5,16,18,88,Home
2000,20000011,W,0.405,0.394366197,0.5,0.737,14,41,55,18,11,5,21,22,96,Home
2000,20000025,L,0.4,0.409638554,0.333,0.607,16,35,51,21,7,14,15,29,97,Away
2000,20000045,L,0.41,0.404494382,0.438,0.545,21,25,46,22,9,7,7,22,105,Home
2000,20000071,L,0.418,0.426666667,0.25,0.68,9,37,46,20,5,3,31,18,84,Away
2000,20000085,L,0.429,0.443037975,0.333,0.694,18,37,55,21,7,1,24,32,107,Home
2000,20000099,L,0.5,0.567164179,0.154,0.654,13,36,49,27,8,5,32,29,99,Home
2000,20000105,L,0.333,0.31884058,0.417,0.692,13,28,41,19,12,6,13,22,86,Away
2000,20000116,L,0.378,0.376623377,0.385,0.773,13,27,40,22,18,3,11,18,90,Away
2000,20000129,W,0.43,0.458333333,0.143,0.92,15,31,46,20,6,9,15,20,92,Away
2000,20000144,L,0.345,0.371428571,0.214,0.526,13,28,41,17,5,3,12,14,71,Away
2000,20000158,W,0.422,0.435897436,0.2,0.692,18,35,53,20,5,8,15,15,89,Home
2000,20000168,L,0.376,0.373493976,0.4,0.895,18,23,41,19,10,0,21,25,91,Away
2000,20000179,L,0.372,0.368421053,0.4,0.5,12,38,50,16,6,10,15,23,74,Away
2000,20000190,W,0.573,0.611940299,0.25,0.578,12,34,46,34,11,7,13,24,114,Home
2000,20000215,L,0.375,0.38028169,0.333,0.714,15,22,37,18,5,3,15,24,83,Away
2000,20000220,W,0.474,0.516666667,0.313,0.688,12,32,44,16,9,9,16,22,99,Home
2000,20000241,L,0.33,0.358974359,0.154,0.64,20,32,52,21,10,3,13,19,78,Home
2000,20000247,L,0.462,0.513157895,0.2,0.714,15,22,37,30,6,5,12,23,102,Away
2000,20000267,W,0.521,0.524390244,0.5,0.7,14,23,37,34,12,7,19,25,125,Home
2000,20000281,L,0.414,0.434210526,0.273,0.63,18,18,36,23,6,4,20,25,92,Home
2000,20000290,L,0.5,0.555555556,0.278,0.731,16,20,36,24,10,3,16,30,114,Away
2000,20000310,L,0.404,0.405405405,0.4,0.682,22,27,49,23,6,4,19,25,93,Home
2000,20000324,L,0.4,0.428571429,0.111,0.824,21,25,46,26,9,3,10,19,95,Home
2000,20000344,L,0.461,0.555555556,0.0,0.789,9,28,37,19,11,3,19,26,85,Home
2000,20000358,W,0.518,0.554054054,0.273,0.763,16,26,42,29,15,7,11,17,120,Home
2000,20000380,L,0.355,0.369047619,0.222,0.826,20,30,50,15,10,3,14,18,87,Away
2000,20000391,W,0.443,0.441176471,0.455,0.769,11,32,43,19,12,2,17,16,95,Away
2000,20000411,L,0.494,0.485714286,0.529,0.789,12,23,35,25,9,1,12,21,110,Home
2000,20000425,W,0.532,0.560606061,0.364,0.583,12,32,44,25,9,2,13,20,100,Home
2000,20000437,W,0.45,0.5,0.0,0.714,18,27,45,20,9,1,20,19,102,Away
2000,20000457,L,0.417,0.451219512,0.214,0.895,15,35,50,30,11,5,14,20,100,Home
2000,20000465,W,0.463,0.457142857,0.5,0.778,11,39,50,24,6,6,17,16,100,Away
2000,20000473,L,0.377,0.393939394,0.273,0.775,15,31,46,21,12,4,18,29,92,Away
2000,20000487,L,0.43,0.47761194,0.167,0.8,12,34,46,16,4,4,20,19,78,Away
2000,20000510,L,0.43,0.470588235,0.278,0.944,18,23,41,18,11,3,19,19,96,Away
2000,20000523,L,0.443,0.46875,0.333,0.679,8,40,48,18,3,4,17,24,94,Away
2000,20000546,L,0.44,0.456140351,0.389,0.778,14,25,39,26,8,4,18,24,101,Home
2000,20000563,L,0.461,0.479452055,0.375,0.696,13,27,40,25,8,2,13,21,104,Home
2000,20000570,W,0.443,0.492537313,0.167,0.912,14,32,46,25,13,3,16,23,103,Away
2000,20000584,W,0.403,0.37037037,0.478,0.75,10,33,43,26,11,4,25,24,94,Home
2000,20000597,L,0.315,0.333333333,0.25,0.708,17,21,38,15,15,6,14,23,78,Away
2000,20000606,W,0.459,0.5,0.294,0.788,14,36,50,17,17,4,18,21,109,Home
2000,20000617,L,0.444,0.445945946,0.44,0.667,14,30,44,35,13,2,12,20,105,Home
2000,20000637,L,0.376,0.402597403,0.25,0.611,15,32,47,22,6,6,13,18,85,Home
2000,20000643,L,0.317,0.333333333,0.182,0.542,27,31,58,22,10,6,14,17,79,Away
2000,20000673,L,0.451,0.46875,0.389,0.667,13,34,47,23,4,5,21,19,95,Away
2000,20000687,L,0.395,0.409090909,0.333,0.667,9,28,37,17,11,4,13,24,85,Away
2000,20000703,W,0.402,0.422535211,0.313,0.583,20,31,51,21,11,8,13,20,89,Home
2000,20000720,L,0.402,0.38961039,0.5,0.615,11,39,50,22,6,2,18,17,83,Home
2000,20000735,L,0.38,0.430379747,0.077,0.72,15,27,42,22,11,6,11,21,89,Away
2000,20000741,L,0.413,0.470588235,0.083,0.857,16,27,43,22,8,1,20,19,79,Home
2000,20000756,L,0.358,0.3625,0.333,0.692,23,34,57,19,8,2,16,25,91,Home
2000,20000765,L,0.438,0.458823529,0.273,0.6,17,26,43,30,11,10,12,17,102,Away
2000,20000780,L,0.414,0.397435897,0.556,0.875,10,25,35,22,10,2,11,15,91,Away
2000,20000789,L,0.363,0.38961039,0.214,0.778,20,27,47,22,5,2,15,13,83,Away
2000,20000805,L,0.449,0.475609756,0.143,0.56,15,23,38,26,8,6,11,14,95,Away
2000,20000811,W,0.461,0.485714286,0.167,0.542,9,37,46,23,10,8,19,18,84,Away
2000,20000831,L,0.455,0.5,0.235,0.875,16,31,47,25,12,8,18,20,101,Home
2000,20000851,L,0.413,0.432098765,0.273,0.667,16,26,42,23,8,6,14,16,91,Away
2000,20000860,L,0.376,0.390804598,0.167,0.857,22,21,43,17,9,4,17,23,95,Away
2000,20000871,L,0.376,0.4,0.231,0.571,20,30,50,22,8,3,15,24,85,Home
2000,20000894,L,0.316,0.347826087,0.1,0.647,19,34,53,14,8,8,24,27,73,Away
2000,20000904,L,0.395,0.430555556,0.111,0.941,11,28,39,16,12,6,20,19,81,Away
2000,20000917,L,0.361,0.337837838,0.556,0.5,17,30,47,19,6,6,15,22,79,Home
2000,20000933,L,0.358,0.367647059,0.308,0.656,21,20,41,17,10,7,16,20,83,Home
2000,20000949,L,0.327,0.337078652,0.222,0.556,24,29,53,21,6,5,12,16,76,Away
2000,20000964,L,0.419,0.430379747,0.357,0.842,21,33,54,26,1,6,13,22,99,Home
2000,20000983,L,0.469,0.5,0.143,0.654,12,30,42,26,10,10,17,19,94,Home
2000,20001002,W,0.392,0.402298851,0.3,0.75,20,41,61,24,8,7,13,25,103,Home
2000,20001015,L,0.366,0.369047619,0.333,0.727,17,29,46,26,15,7,12,16,87,Home
2000,20001031,L,0.439,0.458823529,0.308,0.588,15,17,32,28,16,3,11,25,100,Away
2000,20001039,L,0.351,0.361445783,0.273,0.833,21,24,45,23,8,4,10,16,89,Away
2000,20001057,L,0.34,0.344827586,0.308,0.75,23,27,50,20,6,3,15,21,87,Away
2000,20001080,L,0.337,0.361445783,0.0,0.692,24,28,52,11,8,5,20,15,78,Home
2000,20001095,L,0.347,0.364705882,0.2,0.657,25,20,45,17,17,9,20,22,91,Home
2000,20001108,L,0.36,0.371794872,0.25,0.667,22,30,52,19,7,2,17,22,76,Home
2000,20001123,L,0.41,0.41025641,0.4,0.692,17,25,42,15,8,1,15,24,88,Away
2000,20001131,L,0.532,0.547945205,0.333,0.833,10,19,29,23,11,4,16,23,101,Away
2000,20001145,L,0.413,0.430232558,0.167,0.6,23,31,54,22,6,18,8,16,92,Away
2000,20001152,L,0.38,0.401960784,0.0,0.706,30,29,59,21,5,3,15,21,94,Home
2000,20001168,L,0.417,0.435897436,0.167,0.714,15,24,39,20,11,5,14,29,101,Home
2000,20001188,L,0.304,0.307692308,0.273,0.615,33,28,61,21,7,10,15,22,81,Home
2001,20100017,L,0.42,0.432432432,0.286,0.773,12,29,41,17,9,8,15,20,87,Away
2001,20100025,L,0.493,0.492537313,0.5,0.619,16,32,48,24,8,11,23,19,101,Home
2001,20100044,W,0.429,0.438202247,0.333,0.742,21,28,49,23,6,7,16,31,110,Away
2001,20100049,W,0.385,0.382716049,0.4,0.629,28,37,65,22,7,3,20,17,96,Home
2001,20100064,L,0.322,0.3125,0.4,0.732,20,32,52,19,8,5,13,18,92,Away
2001,20100078,W,0.52,0.514705882,0.571,0.794,12,33,45,22,9,3,23,30,109,Away
2001,20100086,W,0.427,0.40625,0.545,0.769,12,41,53,21,5,5,17,20,90,Away
2001,20100098,W,0.436,0.428571429,0.5,0.636,16,33,49,16,10,9,24,30,86,Away
2001,20100115,L,0.37,0.416666667,0.0,0.667,20,39,59,17,6,10,17,20,82,Home
2001,20100129,L,0.415,0.454545455,0.25,0.826,20,27,47,16,7,4,23,17,91,Away
2001,20100139,W,0.395,0.394366197,0.4,0.704,17,29,46,28,6,6,12,24,93,Home
2001,20100153,L,0.313,0.319444444,0.273,0.682,17,24,41,19,8,6,18,18,70,Home
2001,20100178,L,0.362,0.382716049,0.231,0.633,26,22,48,19,9,8,18,25,90,Away
2001,20100191,W,0.494,0.52173913,0.357,0.667,11,40,51,28,8,10,13,16,101,Home
2001,20100201,L,0.443,0.457142857,0.389,0.84,20,30,50,26,6,6,17,27,106,Away
2001,20100208,L,0.4,0.411764706,0.333,0.789,12,29,41,16,9,4,18,24,83,Away
2001,20100236,L,0.398,0.428571429,0.0,0.421,17,32,49,16,3,5,21,22,82,Home
2001,20100244,L,0.366,0.364705882,0.375,0.786,21,24,45,19,10,3,18,25,93,Away
2001,20100260,W,0.392,0.38028169,0.5,0.75,23,26,49,16,12,10,17,18,93,Home
2001,20100274,L,0.425,0.452054795,0.143,0.741,16,25,41,25,6,2,14,18,89,Home
2001,20100283,L,0.459,0.457627119,0.467,0.765,14,24,38,15,11,9,24,26,101,Away
2001,20100294,L,0.38,0.391304348,0.3,0.742,16,31,47,20,4,7,20,15,86,Away
2001,20100312,L,0.463,0.459459459,0.5,0.676,17,34,51,22,3,4,14,29,100,Home
2001,20100330,W,0.481,0.515151515,0.273,0.615,15,35,50,22,10,3,22,18,93,Home
2001,20100336,L,0.429,0.470588235,0.111,0.581,12,29,41,15,6,0,19,25,85,Away
2001,20100356,W,0.481,0.473684211,0.667,0.767,12,34,46,19,11,9,19,18,101,Home
2001,20100370,L,0.452,0.443037975,0.5,0.63,22,32,54,27,9,6,18,26,108,Home
2001,20100378,W,0.432,0.453333333,0.167,0.756,16,33,49,23,9,2,13,18,105,Away
2001,20100399,W,0.439,0.447368421,0.333,0.75,16,41,57,19,8,8,21,23,101,Home
2001,20100414,L,0.375,0.395833333,0.125,0.636,30,24,54,18,7,10,8,20,93,Home
2001,20100435,L,0.4,0.424657534,0.143,0.825,14,27,41,21,4,5,15,18,98,Away
2001,20100444,L,0.381,0.397849462,0.0,0.757,21,21,42,15,7,5,10,25,102,Away
2001,20100459,L,0.488,0.475,0.667,0.636,11,24,35,27,10,3,11,22,109,Away
2001,20100470,L,0.37,0.414285714,0.091,0.852,9,30,39,8,9,4,14,27,84,Away
2001,20100487,L,0.356,0.394736842,0.091,0.81,18,31,49,16,8,6,14,20,97,Home
2001,20100526,L,0.408,0.461538462,0.091,0.762,20,30,50,14,9,6,24,24,79,Home
2001,20100543,W,0.46,0.455696203,0.5,0.733,22,26,48,27,17,7,8,26,117,Home
2001,20100555,L,0.429,0.44047619,0.286,0.607,14,28,42,20,10,3,16,26,97,Away
2001,20100569,L,0.525,0.535211268,0.444,0.7,11,36,47,24,8,9,22,33,102,Home
2001,20100576,L,0.468,0.457142857,0.571,0.852,14,26,40,20,6,5,19,28,99,Home
2001,20100596,W,0.473,0.519480519,0.214,0.818,22,29,51,25,7,6,15,26,107,Home
2001,20100620,L,0.34,0.367088608,0.2,0.682,21,36,57,18,10,9,18,18,82,Home
2001,20100631,L,0.421,0.435897436,0.353,0.556,16,28,44,21,7,6,18,24,96,Away
2001,20100655,L,0.396,0.406976744,0.3,0.864,19,24,43,21,12,7,15,26,98,Away
2001,20100671,L,0.449,0.454545455,0.417,0.632,12,25,37,28,7,6,11,18,97,Home
2001,20100685,L,0.423,0.455882353,0.2,0.864,18,22,40,18,7,3,17,16,87,Home
2001,20100715,W,0.383,0.421052632,0.222,0.696,18,43,61,21,7,11,18,23,92,Home
2001,20100731,L,0.41,0.46031746,0.25,0.839,19,27,46,14,7,6,18,32,99,Home
2001,20100744,L,0.367,0.380952381,0.313,0.689,15,36,51,18,7,17,18,23,94,Home
2001,20100753,L,0.441,0.494252874,0.133,0.793,24,28,52,27,8,8,14,27,115,Away
2001,20100759,L,0.41,0.410958904,0.4,0.729,20,30,50,18,9,7,22,26,107,Away
2001,20100780,L,0.554,0.579710145,0.429,0.7,9,23,32,25,5,9,13,23,112,Away
2001,20100786,L,0.385,0.417721519,0.167,0.864,12,30,42,20,10,12,15,14,91,Away
2001,20100801,L,0.353,0.359550562,0.308,0.7,17,36,53,20,9,12,11,40,97,Home
2001,20100817,W,0.451,0.483333333,0.273,0.827,17,44,61,22,10,9,30,27,110,Home
2001,20100831,L,0.44,0.46835443,0.25,0.806,20,29,49,26,11,3,18,18,108,Home
2001,20100837,L,0.481,0.514705882,0.273,0.667,20,23,43,19,6,6,18,23,95,Away
2001,20100859,L,0.404,0.37804878,0.714,0.611,15,33,48,20,7,3,18,19,88,Away
2001,20100881,W,0.427,0.454545455,0.25,0.879,16,42,58,20,8,4,13,20,108,Away
2001,20100889,L,0.494,0.52173913,0.357,0.621,14,32,46,23,8,5,16,23,105,Away
2001,20100901,L,0.407,0.416666667,0.333,0.692,16,29,45,14,5,5,13,17,96,Away
2001,20100907,L,0.437,0.479452055,0.214,0.71,15,32,47,13,8,5,18,26,101,Away
2001,20100926,L,0.409,0.418918919,0.357,0.758,13,35,48,17,8,6,14,31,102,Home
2001,20100943,L,0.481,0.523076923,0.286,0.714,13,29,42,16,8,5,19,19,100,Home
2001,20100955,L,0.434,0.479166667,0.357,0.645,17,27,44,26,3,6,16,22,96,Home
2001,20100964,L,0.486,0.525423729,0.308,0.655,11,18,29,23,9,2,19,21,93,Away
2001,20100978,L,0.414,0.424657534,0.357,0.76,15,31,46,17,4,3,10,26,96,Home
2001,20100991,L,0.444,0.5,0.263,0.703,10,27,37,24,9,12,14,23,103,Away
2001,20101001,L,0.424,0.459459459,0.278,0.875,14,20,34,18,8,7,11,22,104,Home
2001,20101013,W,0.518,0.558823529,0.353,0.808,12,36,48,29,6,8,15,27,115,Away
2001,20101017,L,0.4,0.382352941,0.455,0.654,18,38,56,25,9,3,18,22,99,Away
2001,20101037,L,0.448,0.441176471,0.474,0.667,14,33,47,23,5,6,18,29,103,Away
2001,20101043,L,0.415,0.475609756,0.0,0.75,21,29,50,23,11,5,15,17,99,Away
2001,20101066,W,0.541,0.553846154,0.5,0.556,12,30,42,23,8,6,13,22,107,Home
2001,20101092,W,0.466,0.5,0.286,0.667,16,38,54,20,10,11,20,29,108,Home
2001,20101098,L,0.443,0.493333333,0.154,0.667,10,29,39,26,6,7,19,12,86,Away
2001,20101112,L,0.42,0.432835821,0.381,0.733,14,29,43,22,5,7,11,23,93,Home
2001,20101130,L,0.447,0.470588235,0.333,0.621,24,28,52,26,13,4,18,21,116,Home
2001,20101145,L,0.449,0.507936508,0.2,0.64,14,28,42,22,8,7,26,24,89,Away
2001,20101153,L,0.476,0.453125,0.556,0.619,13,34,47,29,7,7,22,32,101,Home
2001,20101174,L,0.478,0.506493506,0.333,0.813,8,27,35,20,9,6,11,22,106,Away
2001,20101189,W,0.47,0.465753425,0.5,0.857,9,38,47,25,11,10,14,25,107,Home
2002,20200017,W,0.482,0.472972973,0.556,0.808,18,28,46,25,7,10,18,24,106,Home
2002,20200030,L,0.429,0.472972973,0.1,0.69,21,34,55,25,6,11,21,23,93,Home
2002,20200040,L,0.375,0.363636364,0.412,0.816,12,31,43,14,6,9,18,27,92,Away
2002,20200050,L,0.36,0.322033898,0.433,0.793,17,33,50,16,11,6,14,25,100,Away
2002,20200057,L,0.346,0.385714286,0.0,0.905,11,28,39,13,8,6,17,21,73,Away
2002,20200077,L,0.464,0.5,0.0,0.897,12,26,38,14,10,7,17,22,104,Away
2002,20200089,L,0.439,0.46031746,0.368,0.893,17,27,44,22,8,7,15,26,104,Away
2002,20200096,W,0.466,0.474358974,0.4,0.846,17,36,53,30,5,7,17,25,108,Away
2002,20200113,L,0.404,0.445945946,0.2,0.783,16,31,47,21,8,4,14,17,93,Home
2002,20200127,L,0.366,0.402597403,0.188,0.545,20,39,59,18,5,4,17,24,89,Away
2002,20200137,W,0.585,0.585714286,0.583,0.821,17,35,52,31,7,5,15,29,135,Home
2002,20200147,L,0.345,0.333333333,0.444,0.714,21,33,54,18,9,8,18,19,89,Home
2002,20200165,W,0.476,0.493506494,0.2,0.656,18,33,51,20,8,10,18,27,100,Home
2002,20200179,L,0.329,0.375,0.24,0.804,17,31,48,16,8,6,15,23,91,Home
2002,20200215,L,0.33,0.346666667,0.25,0.667,25,26,51,17,6,7,14,25,84,Home
2002,20200224,W,0.403,0.40625,0.375,0.838,13,26,39,16,18,6,20,23,92,Away
2002,20200237,W,0.429,0.452054795,0.273,0.758,17,36,53,26,10,10,25,21,100,Home
2002,20200255,W,0.508,0.481481481,0.667,0.87,9,33,42,20,4,9,19,20,110,Home
2002,20200268,L,0.398,0.416666667,0.348,0.8,18,24,42,22,11,9,20,21,98,Home
2002,20200288,L,0.43,0.426470588,0.44,0.781,22,33,55,30,5,3,15,29,116,Home
2002,20200305,W,0.494,0.471428571,0.615,0.762,13,27,40,25,6,4,14,23,106,Home
2002,20200317,L,0.392,0.4375,0.2,0.606,14,32,46,18,5,4,21,26,85,Away
2002,20200331,L,0.514,0.527272727,0.467,0.542,7,25,32,17,9,8,17,23,92,Away
2002,20200345,L,0.389,0.452054795,0.118,0.792,14,33,47,18,8,3,11,21,91,Away
2002,20200366,W,0.5,0.506329114,0.333,0.8,15,32,47,19,8,9,12,23,111,Home
2002,20200380,L,0.512,0.514705882,0.5,0.895,12,28,40,21,7,3,18,18,111,Home
2002,20200394,L,0.36,0.355263158,0.385,0.594,24,31,55,13,7,3,19,21,88,Away
2002,20200416,W,0.423,0.420289855,0.444,0.939,19,36,55,16,5,4,19,23,101,Home
2002,20200428,W,0.419,0.415584416,0.444,0.793,16,33,49,16,3,6,14,34,99,Away
2002,20200441,W,0.42,0.40625,0.471,0.757,18,31,49,21,7,7,21,26,104,Home
2002,20200461,L,0.42,0.452054795,0.267,0.739,24,26,50,18,5,6,19,25,95,Away
2002,20200469,W,0.427,0.414285714,0.6,0.905,11,32,43,15,7,5,15,20,86,Away
2002,20200486,W,0.447,0.476923077,0.273,0.903,12,34,46,20,8,9,15,16,99,Home
2002,20200496,L,0.393,0.388059701,0.412,0.815,8,34,42,19,5,5,7,20,95,Away
2002,20200505,W,0.441,0.461538462,0.333,0.85,23,25,48,18,9,6,11,17,104,Away
2002,20200519,L,0.475,0.507462687,0.308,0.857,14,23,37,23,8,4,16,24,104,Away
2002,20200536,L,0.402,0.416666667,0.35,0.75,24,30,54,21,7,6,13,26,108,Home
2002,20200552,W,0.453,0.48,0.273,0.844,13,38,51,19,4,12,12,21,108,Home
2002,20200565,W,0.452,0.486842105,0.294,0.857,22,27,49,26,7,4,15,22,107,Home
2002,20200582,L,0.319,0.346153846,0.188,0.708,25,29,54,21,8,5,18,14,80,Home
2002,20200602,W,0.55,0.588235294,0.333,0.88,11,24,35,23,7,4,13,22,114,Away
2002,20200605,W,0.514,0.508196721,0.545,0.806,12,35,47,21,4,6,14,21,105,Home
2002,20200623,W,0.554,0.611111111,0.182,0.778,10,29,39,26,6,7,14,19,108,Home
2002,20200642,L,0.376,0.388059701,0.333,0.6,16,33,49,15,8,5,19,23,88,Away
2002,20200664,L,0.427,0.459459459,0.125,0.852,11,24,35,18,10,3,13,19,94,Away
2002,20200674,L,0.433,0.452054795,0.353,0.852,13,28,41,25,4,3,18,31,107,Away
2002,20200688,W,0.464,0.478873239,0.385,0.783,16,26,42,24,12,6,8,24,101,Home
2002,20200704,L,0.443,0.454545455,0.385,0.727,12,33,45,19,5,4,13,24,99,Home
2002,20200711,W,0.476,0.461538462,0.526,0.839,11,30,41,19,11,2,17,15,116,Away
2002,20200723,W,0.589,0.639344262,0.333,0.697,3,43,46,19,8,1,21,18,113,Away
2002,20200732,W,0.419,0.448717949,0.267,0.818,16,37,53,16,12,7,13,22,118,Away
2002,20200751,L,0.398,0.428571429,0.286,0.643,19,31,50,18,8,6,14,20,102,Away
2002,20200770,L,0.449,0.492537313,0.318,0.714,24,32,56,25,1,8,15,24,117,Home
2002,20200777,L,0.452,0.5,0.167,0.909,12,29,41,24,8,8,22,22,98,Away
2002,20200791,W,0.418,0.411764706,0.462,0.821,32,30,62,20,6,14,17,15,111,Home
2002,20200804,W,0.46,0.472222222,0.4,0.829,17,43,60,21,7,8,13,18,115,Home
2002,20200811,W,0.358,0.366197183,0.3,0.846,13,30,43,18,15,4,17,21,94,Away
2002,20200830,W,0.438,0.432432432,0.467,0.821,16,31,47,24,11,6,11,23,108,Away
2002,20200849,W,0.398,0.422535211,0.25,0.719,19,30,49,15,6,8,8,24,92,Home
2002,20200870,W,0.544,0.615384615,0.214,0.75,8,32,40,22,5,9,16,20,107,Home
2002,20200882,L,0.455,0.485714286,0.333,0.731,14,22,36,25,10,4,12,23,105,Away
2002,20200896,L,0.528,0.541666667,0.471,0.816,12,40,52,26,4,3,21,25,133,Away
2002,20200905,L,0.5,0.508196721,0.471,0.731,13,29,42,18,5,2,12,27,105,Away
2002,20200920,W,0.494,0.507462687,0.45,0.692,19,39,58,29,7,7,20,24,113,Home
2002,20200942,L,0.464,0.543859649,0.296,0.875,12,28,40,27,4,3,13,18,114,Home
2002,20200947,W,0.481,0.5,0.4,0.824,8,32,40,23,5,6,18,15,94,Away
2002,20200969,L,0.362,0.381578947,0.278,0.692,19,29,48,16,12,7,15,17,91,Away
2002,20200980,W,0.512,0.612903226,0.227,0.667,14,32,46,20,5,4,12,19,105,Home
2002,20200994,L,0.444,0.473684211,0.286,0.767,14,28,42,15,12,7,15,23,107,Home
2002,20201008,W,0.488,0.5,0.455,0.731,17,26,43,25,6,2,18,16,113,Home
2002,20201016,L,0.383,0.405405405,0.3,0.694,18,22,40,17,7,9,16,20,103,Away
2002,20201021,W,0.519,0.533333333,0.474,0.762,10,38,48,25,5,5,18,19,107,Away
2002,20201037,W,0.464,0.537313433,0.176,0.875,9,34,43,25,7,4,16,17,102,Away
2002,20201049,L,0.418,0.439393939,0.308,0.871,13,30,43,17,7,4,20,22,97,Away
2002,20201073,L,0.411,0.466666667,0.133,1.0,15,30,45,21,8,3,14,20,86,Away
2002,20201096,L,0.429,0.46835443,0.263,0.688,19,26,45,27,9,6,17,19,100,Home
2002,20201109,W,0.487,0.507462687,0.333,0.725,14,37,51,25,9,8,21,19,106,Home
2002,20201124,W,0.525,0.507692308,0.6,0.897,16,30,46,27,4,10,13,16,128,Home
2002,20201148,L,0.463,0.476190476,0.421,0.68,13,35,48,26,3,6,19,21,101,Away
2002,20201154,L,0.44,0.481927711,0.235,0.696,16,37,53,25,7,10,13,24,108,Away
2002,20201170,L,0.404,0.425,0.333,0.724,27,29,56,24,4,10,9,18,113,Home
2002,20201189,L,0.456,0.492307692,0.36,0.714,15,34,49,19,7,10,13,25,111,Home
2003,20300013,L,0.391,0.436619718,0.238,0.588,15,36,51,19,6,3,15,27,87,Home
2003,20300039,W,0.594,0.642857143,0.385,0.895,7,30,37,18,4,2,18,17,104,Home
2003,20300040,L,0.372,0.412698413,0.2,0.579,14,32,46,22,10,3,18,19,72,Away
2003,20300060,W,0.446,0.492307692,0.278,0.645,16,36,52,23,10,2,14,20,99,Home
2003,20300075,W,0.433,0.425925926,0.462,0.738,9,32,41,22,7,5,20,19,95,Home
2003,20300094,L,0.45,0.517857143,0.292,0.68,7,34,41,21,5,10,12,14,96,Home
2003,20300110,W,0.447,0.53125,0.0,0.792,6,38,44,24,8,7,20,27,87,Home
2003,20300125,L,0.418,0.466666667,0.188,0.76,20,31,51,23,3,2,14,24,98,Home
2003,20300137,L,0.524,0.529411765,0.5,0.579,10,25,35,21,10,4,12,24,104,Away
2003,20300149,L,0.447,0.46969697,0.3,0.625,10,28,38,15,7,3,15,17,81,Away
2003,20300157,L,0.453,0.534482759,0.176,0.6,8,31,39,26,6,2,11,20,83,Away
2003,20300173,W,0.468,0.447761194,0.583,0.741,14,33,47,22,3,8,18,23,101,Home
2003,20300184,W,0.38,0.420289855,0.1,0.68,16,37,53,19,5,4,13,16,78,Home
2003,20300219,W,0.487,0.55,0.25,0.609,10,40,50,18,7,5,19,21,92,Away
2003,20300232,W,0.39,0.359375,0.5,0.692,17,33,50,10,6,2,15,24,91,Home
2003,20300256,L,0.5,0.547945205,0.267,0.68,19,21,40,21,9,3,14,25,109,Home
2003,20300266,L,0.434,0.435483871,0.429,0.476,11,33,44,25,2,5,12,26,91,Away
2003,20300278,W,0.53,0.594202899,0.214,0.929,10,24,34,29,10,2,12,13,104,Home
2003,20300295,W,0.442,0.446153846,0.417,0.862,9,31,40,26,5,0,9,22,98,Away
2003,20300301,L,0.382,0.409090909,0.304,0.778,13,32,45,19,10,1,18,27,89,Away
2003,20300319,L,0.39,0.396825397,0.368,0.737,11,28,39,20,4,3,11,18,85,Home
2003,20300339,W,0.506,0.536231884,0.357,0.75,3,34,37,24,9,3,6,23,104,Away
2003,20300351,W,0.463,0.459016393,0.476,0.571,13,32,45,30,9,9,16,15,98,Away
2003,20300361,L,0.474,0.538461538,0.154,0.708,5,26,31,23,5,1,15,16,93,Away
2003,20300382,L,0.479,0.516129032,0.273,0.833,8,27,35,14,8,8,18,18,93,Away
2003,20300400,W,0.481,0.523809524,0.286,0.829,10,32,42,20,7,1,10,22,107,Home
2003,20300415,W,0.41,0.426229508,0.353,0.8,20,29,49,20,10,2,17,24,98,Home
2003,20300427,L,0.378,0.38028169,0.364,0.722,8,40,48,23,2,5,18,20,79,Away
2003,20300438,L,0.439,0.5,0.188,0.533,14,39,53,21,8,4,18,24,91,Home
2003,20300448,L,0.4,0.462962963,0.188,0.647,9,31,40,15,8,4,16,16,70,Away
2003,20300451,L,0.403,0.410714286,0.381,0.818,9,27,36,20,9,7,20,17,79,Away
2003,20300465,L,0.453,0.5,0.333,0.692,8,28,36,24,9,4,15,15,93,Away
2003,20300481,L,0.333,0.339285714,0.316,0.818,5,25,30,19,7,4,12,18,65,Away
2003,20300499,L,0.449,0.439393939,0.478,0.667,14,31,45,27,8,5,15,20,99,Away
2003,20300523,W,0.456,0.46031746,0.444,0.704,16,41,57,25,4,5,16,20,113,Home
2003,20300532,L,0.427,0.454545455,0.267,0.636,27,39,66,17,7,8,16,27,113,Home
2003,20300538,L,0.383,0.385714286,0.364,0.824,13,22,35,14,9,5,12,21,80,Away
2003,20300556,W,0.524,0.47826087,0.769,0.719,15,33,48,29,9,6,12,18,119,Home
2003,20300562,L,0.405,0.426470588,0.273,0.867,10,19,29,14,10,3,9,20,93,Away
2003,20300588,W,0.513,0.52238806,0.455,0.8,15,30,45,27,5,6,17,21,101,Home
2003,20300604,L,0.429,0.440677966,0.4,0.8,17,31,48,17,6,5,17,19,102,Away
2003,20300607,L,0.359,0.393442623,0.235,0.871,7,32,39,15,11,2,14,23,87,Away
2003,20300620,W,0.5,0.459016393,0.647,0.842,14,28,42,26,11,5,16,13,105,Away
2003,20300656,W,0.386,0.388888889,0.364,0.763,15,35,50,15,12,8,13,23,97,Home
2003,20300668,W,0.507,0.537037037,0.412,0.759,10,39,49,22,5,7,20,23,101,Home
2003,20300687,L,0.457,0.472222222,0.333,0.686,12,22,34,22,8,9,11,25,101,Away
2003,20300696,L,0.5,0.555555556,0.182,0.607,6,25,31,16,5,2,11,18,93,Away
2003,20300720,W,0.421,0.432835821,0.333,0.806,15,34,49,19,7,9,16,21,96,Home
2003,20300735,L,0.425,0.447761194,0.167,0.621,8,41,49,15,5,5,19,17,81,Home
2003,20300749,W,0.488,0.471428571,0.6,0.815,9,26,35,23,10,6,7,15,106,Away
2003,20300758,W,0.524,0.541666667,0.4,0.833,10,27,37,27,15,6,15,21,110,Home
2003,20300780,L,0.488,0.515151515,0.357,0.667,12,26,38,17,4,3,11,24,99,Home
2003,20300794,L,0.415,0.412698413,0.421,0.81,15,31,46,18,3,5,8,21,93,Home
2003,20300801,W,0.4,0.466666667,0.133,0.711,18,29,47,14,7,2,11,23,94,Home
2003,20300816,L,0.416,0.390625,0.538,0.893,10,28,38,19,6,5,13,19,96,Away
2003,20300828,W,0.423,0.440677966,0.333,0.875,12,33,45,14,9,7,15,31,99,Away
2003,20300841,L,0.41,0.435483871,0.313,0.857,11,28,39,19,5,4,11,16,81,Away
2003,20300852,L,0.273,0.260273973,0.308,0.633,19,37,56,18,7,7,10,26,81,Away
2003,20300873,L,0.377,0.457627119,0.111,0.778,13,38,51,16,4,5,12,26,88,Home
2003,20300895,L,0.451,0.545454545,0.125,0.615,8,25,33,21,4,7,16,19,74,Home
2003,20300909,L,0.397,0.424242424,0.25,0.69,17,27,44,21,8,2,18,19,85,Home
2003,20300924,L,0.487,0.542372881,0.294,0.542,14,26,40,22,5,12,16,20,92,Away
2003,20300934,L,0.406,0.452830189,0.182,0.742,9,24,33,14,8,7,21,20,77,Away
2003,20300946,L,0.382,0.423728814,0.235,0.6,13,29,42,13,5,5,19,19,74,Away
2003,20300951,L,0.456,0.492537313,0.25,0.643,13,20,33,19,5,3,21,22,84,Away
2003,20300965,W,0.479,0.456140351,0.571,0.7,11,31,42,21,3,6,11,22,97,Home
2003,20300982,W,0.525,0.5,0.611,0.789,15,33,48,31,8,5,16,20,110,Home
2003,20300996,W,0.429,0.438596491,0.385,0.806,14,28,42,18,8,3,20,22,90,Home
2003,20301006,W,0.461,0.574074074,0.182,0.759,14,32,46,23,7,4,19,23,96,Away
2003,20301034,W,0.488,0.485294118,0.5,0.636,13,33,46,23,6,6,14,22,98,Home
2003,20301047,W,0.438,0.5,0.133,0.76,18,38,56,23,5,7,9,21,99,Home
2003,20301061,W,0.472,0.515151515,0.348,0.542,19,34,53,27,13,5,12,22,105,Home
2003,20301071,L,0.375,0.4,0.294,0.6,10,35,45,17,5,6,17,14,71,Away
2003,20301081,W,0.447,0.470588235,0.25,0.714,10,35,45,17,8,6,12,13,85,Away
2003,20301090,L,0.456,0.41509434,0.538,0.645,9,29,38,23,9,8,22,24,106,Away
2003,20301102,W,0.536,0.578947368,0.333,0.714,7,32,39,23,6,7,14,24,103,Away
2003,20301123,W,0.529,0.58490566,0.333,0.714,4,29,33,24,10,5,12,21,97,Home
2003,20301131,L,0.389,0.402777778,0.333,0.833,16,33,49,19,3,1,16,18,81,Away
2003,20301146,L,0.355,0.435483871,0.0,0.714,12,31,43,18,5,2,20,24,74,Home
2003,20301159,W,0.452,0.4625,0.385,0.864,18,26,44,22,9,4,13,24,108,Home
2003,20301175,L,0.494,0.574074074,0.32,0.783,11,26,37,18,9,2,16,23,104,Away
2003,20301189,W,0.433,0.442857143,0.4,0.647,20,37,57,23,7,8,15,13,97,Home
2004,20400016,L,0.383,0.408450704,0.2,0.55,13,32,45,24,5,4,13,18,75,Home
2004,20400028,L,0.37,0.378787879,0.333,0.75,12,19,31,17,8,2,13,24,80,Home
2004,20400041,L,0.352,0.410958904,0.067,0.605,21,26,47,18,8,7,12,34,86,Home
2004,20400045,L,0.383,0.405063291,0.267,0.71,19,35,54,16,6,7,17,29,98,Away
2004,20400066,L,0.325,0.3,0.5,0.667,13,32,45,13,4,5,15,24,71,Away
2004,20400076,L,0.275,0.283950617,0.2,0.625,15,31,46,16,8,7,16,25,67,Away
2004,20400082,W,0.526,0.565217391,0.222,0.864,9,35,44,26,7,2,16,22,103,Away
2004,20400096,L,0.422,0.449275362,0.286,0.7,10,26,36,25,3,1,10,23,88,Away
2004,20400116,W,0.44,0.428571429,0.476,0.737,13,33,46,25,10,6,24,25,98,Home
2004,20400135,L,0.4,0.483333333,0.15,0.645,9,27,36,21,13,3,16,32,87,Home
2004,20400159,W,0.396,0.413793103,0.316,0.676,16,37,53,27,9,9,12,32,115,Home
2004,20400182,L,0.39,0.4375,0.222,0.792,17,26,43,17,5,7,16,25,87,Home
2004,20400193,L,0.42,0.432835821,0.357,0.75,10,27,37,20,7,3,13,20,91,Away
2004,20400221,L,0.46,0.463768116,0.444,0.688,9,30,39,24,5,4,12,23,99,Home
2004,20400231,L,0.367,0.4,0.214,0.844,9,31,40,20,6,7,13,24,88,Away
2004,20400244,W,0.463,0.515625,0.25,0.722,10,31,41,23,10,3,10,22,104,Home
2004,20400255,W,0.467,0.475609756,0.375,0.742,12,31,43,26,9,5,12,26,110,Home
2004,20400261,L,0.444,0.455696203,0.4,0.571,13,36,49,20,8,6,13,22,104,Away
2004,20400286,L,0.513,0.523809524,0.471,0.731,9,29,38,22,5,6,14,23,109,Home
2004,20400300,W,0.444,0.472222222,0.333,0.65,13,28,41,21,15,7,14,18,99,Home
2004,20400313,W,0.5,0.515151515,0.45,0.762,13,32,45,24,8,7,18,24,111,Away
2004,20400322,L,0.43,0.474576271,0.3,0.682,7,27,34,18,5,4,13,24,89,Away
2004,20400337,L,0.33,0.351351351,0.25,0.8,12,29,41,23,6,4,7,21,83,Away
2004,20400347,L,0.418,0.454545455,0.231,0.696,13,26,39,9,8,6,17,20,85,Away
2004,20400359,L,0.462,0.523076923,0.154,0.818,14,26,40,14,9,9,19,31,101,Home
2004,20400375,W,0.456,0.431034483,0.524,0.743,12,23,35,25,11,4,12,25,109,Home
2004,20400391,W,0.465,0.507042254,0.267,0.667,13,32,45,20,10,0,16,21,98,Away
2004,20400400,W,0.439,0.459016393,0.381,0.686,14,32,46,22,6,3,14,23,104,Home
2004,20400416,W,0.458,0.442622951,0.5,0.857,9,31,40,24,7,4,17,22,111,Home
2004,20400431,L,0.366,0.397058824,0.28,0.565,17,31,48,25,6,8,10,28,88,Away
2004,20400447,L,0.514,0.551020408,0.44,0.654,7,29,36,24,6,5,18,30,104,Home
2004,20400453,L,0.436,0.46875,0.286,0.55,12,35,47,22,7,5,13,18,83,Away
2004,20400471,L,0.356,0.338983051,0.429,0.667,9,27,36,17,7,3,18,21,72,Away
2004,20400487,L,0.405,0.371428571,0.571,0.917,10,29,39,17,5,4,17,12,87,Away
2004,20400495,L,0.329,0.290909091,0.429,0.684,13,27,40,17,12,4,21,22,85,Away
2004,20400515,L,0.376,0.441176471,0.118,0.833,13,28,41,22,13,1,8,23,91,Home
2004,20400529,L,0.434,0.439393939,0.4,0.737,12,22,34,15,3,7,13,15,84,Away
2004,20400541,L,0.424,0.442622951,0.387,0.75,13,35,48,27,3,8,10,19,102,Home
2004,20400554,W,0.478,0.528571429,0.3,0.882,14,26,40,23,13,5,13,21,107,Home
2004,20400582,L,0.477,0.508196721,0.407,0.5,11,29,40,25,10,4,10,20,101,Away
2004,20400591,L,0.447,0.528301887,0.261,0.813,5,28,33,20,4,5,13,13,87,Home
2004,20400623,L,0.439,0.435483871,0.45,0.692,18,21,39,18,7,5,14,19,99,Home
2004,20400638,L,0.416,0.458333333,0.235,0.5,16,25,41,24,7,6,8,19,85,Home
2004,20400647,L,0.442,0.456140351,0.4,0.692,11,23,34,23,7,5,15,25,85,Away
2004,20400676,L,0.434,0.480519481,0.273,0.652,17,29,46,29,14,7,12,25,107,Home
2004,20400688,W,0.398,0.445945946,0.143,0.783,17,28,45,20,13,7,10,20,90,Home
2004,20400694,L,0.384,0.417910448,0.263,0.833,12,29,41,19,10,4,14,24,91,Away
2004,20400706,L,0.443,0.472222222,0.313,0.722,4,29,33,25,10,2,7,24,96,Away
2004,20400709,W,0.476,0.5,0.375,0.794,9,35,44,24,7,7,15,17,113,Away
2004,20400738,L,0.476,0.509090909,0.414,0.762,10,24,34,23,8,4,11,20,108,Away
2004,20400756,L,0.364,0.438202247,0.138,0.6,31,41,72,18,10,2,12,26,102,Home
2004,20400768,L,0.483,0.5,0.429,0.632,9,27,36,25,12,7,16,20,107,Home
2004,20400779,W,0.529,0.53030303,0.524,0.636,11,29,40,28,5,2,11,27,117,Away
2004,20400800,W,0.409,0.417910448,0.381,0.75,15,35,50,21,10,10,11,12,101,Home
2004,20400828,L,0.412,0.452830189,0.344,0.7,13,27,40,19,6,6,14,22,88,Home
2004,20400834,L,0.45,0.464285714,0.417,0.789,8,26,34,18,9,3,17,23,97,Away
2004,20400846,W,0.449,0.464285714,0.409,0.833,7,31,38,26,7,3,9,11,99,Away
2004,20400855,W,0.416,0.5,0.308,0.81,13,29,42,19,10,5,14,27,103,Away
2004,20400877,L,0.462,0.461538462,0.462,0.625,9,21,30,20,4,5,8,18,99,Away
2004,20400886,W,0.447,0.509433962,0.344,0.773,8,37,45,20,17,6,17,18,104,Away
2004,20400898,L,0.429,0.490909091,0.273,0.762,7,26,33,17,4,5,9,26,88,Away
2004,20400907,L,0.389,0.404255319,0.36,0.783,12,31,43,13,3,7,20,22,83,Away
2004,20400916,W,0.426,0.360655738,0.545,0.583,17,32,49,26,10,7,12,16,105,Away
2004,20400936,L,0.36,0.320754717,0.424,0.6,18,31,49,25,6,2,9,20,94,Home
2004,20400956,W,0.444,0.476923077,0.36,0.917,17,34,51,25,7,9,14,12,100,Home
2004,20400968,W,0.457,0.461538462,0.444,0.824,15,36,51,15,10,3,13,25,110,Away
2004,20400983,W,0.447,0.549019608,0.294,0.692,17,33,50,23,6,5,12,21,104,Away
2004,20401005,L,0.4,0.516129032,0.087,0.794,12,29,41,20,8,5,14,27,97,Home
2004,20401020,W,0.489,0.557377049,0.355,0.607,14,22,36,28,10,5,13,34,118,Home
2004,20401047,W,0.435,0.46875,0.333,0.818,17,32,49,21,5,6,14,23,108,Home
2004,20401058,W,0.456,0.553846154,0.2,0.867,16,30,46,29,5,4,5,18,113,Away
2004,20401075,W,0.462,0.530612245,0.345,0.703,15,30,45,18,6,8,15,33,108,Away
2004,20401091,W,0.5,0.5625,0.393,0.583,12,33,45,28,7,9,20,19,101,Home
2004,20401105,W,0.488,0.549019608,0.379,0.805,9,27,36,29,11,3,10,23,122,Home
2004,20401115,W,0.406,0.4,0.423,0.682,18,28,46,27,10,4,14,22,104,Away
2004,20401129,W,0.457,0.428571429,0.514,0.684,24,33,57,32,6,6,15,17,127,Home
2004,20401145,L,0.467,0.487179487,0.407,0.735,19,38,57,27,7,7,14,32,134,Home
2004,20401152,L,0.432,0.491803279,0.324,0.65,12,32,44,24,7,6,18,29,106,Away
2004,20401165,L,0.429,0.461538462,0.346,0.929,13,24,37,23,7,4,12,13,100,Away
2004,20401183,W,0.422,0.442857143,0.375,0.667,26,33,59,32,8,7,16,17,108,Home
2004,20401208,W,0.517,0.58490566,0.417,0.731,13,36,49,35,8,5,14,17,126,Home
2004,20401229,W,0.453,0.489795918,0.385,0.737,13,34,47,21,8,6,16,26,106,Home
2005,20500017,W,0.581,0.654545455,0.368,0.644,11,27,38,24,10,8,20,21,122,Home
2005,20500029,L,0.372,0.421052632,0.238,0.579,16,25,41,13,6,9,14,32,85,Home
2005,20500043,W,0.397,0.441860465,0.333,0.469,7,33,40,16,6,6,14,27,83,Away
2005,20500052,W,0.5,0.509803922,0.481,0.731,7,33,40,23,2,3,17,19,110,Away
2005,20500065,L,0.337,0.362068966,0.29,0.75,14,28,42,20,9,4,15,25,84,Away
2005,20500079,W,0.387,0.434782609,0.31,0.704,11,34,45,24,5,7,13,20,86,Home
2005,20500088,L,0.36,0.409836066,0.24,0.72,14,41,55,12,6,3,17,22,86,Away
2005,20500097,W,0.467,0.509433962,0.364,0.815,11,36,47,20,8,6,20,25,100,Home
2005,20500116,L,0.367,0.4,0.31,0.69,9,33,42,21,10,10,11,24,87,Home
2005,20500129,W,0.424,0.428571429,0.409,0.588,15,23,38,19,8,2,10,22,91,Away
2005,20500141,L,0.389,0.5,0.2,0.952,12,27,39,25,7,2,9,27,101,Away
2005,20500149,W,0.458,0.477272727,0.429,0.815,9,36,45,20,6,5,17,29,100,Home
2005,20500166,L,0.377,0.397058824,0.222,0.935,6,21,27,16,7,1,10,17,89,Home
2005,20500178,W,0.392,0.431372549,0.321,0.605,11,30,41,17,6,3,12,23,94,Away
2005,20500189,W,0.566,0.677419355,0.238,0.75,10,35,45,37,5,4,16,20,117,Home
2005,20500197,W,0.443,0.484848485,0.318,0.824,18,29,47,21,10,3,13,26,99,Home
2005,20500216,W,0.446,0.483333333,0.375,0.731,17,35,52,29,7,2,15,29,113,Home
2005,20500229,W,0.416,0.467741935,0.296,0.758,15,42,57,24,6,8,18,34,107,Home
2005,20500267,L,0.478,0.52173913,0.333,0.63,7,37,44,18,10,1,18,24,110,Home
2005,20500279,L,0.451,0.515625,0.222,0.926,10,27,37,19,8,6,10,20,103,Home
2005,20500306,W,0.475,0.555555556,0.308,0.839,8,32,40,22,7,3,14,28,110,Away
2005,20500318,L,0.416,0.423076923,0.405,0.696,7,25,32,29,7,2,8,27,105,Home
2005,20500322,W,0.475,0.411764706,0.586,0.652,6,27,33,27,10,1,12,23,108,Away
2005,20500343,L,0.382,0.392156863,0.36,0.767,6,26,32,15,9,2,13,16,90,Away
2005,20500348,L,0.411,0.463768116,0.238,0.731,10,27,37,15,10,4,13,30,98,Away
2005,20500360,L,0.451,0.491525424,0.348,0.783,10,29,39,21,4,5,16,23,100,Away
2005,20500376,L,0.452,0.452054795,0.455,0.444,15,27,42,18,2,3,10,25,85,Away
2005,20500396,L,0.482,0.454545455,0.579,0.704,11,23,34,24,9,2,14,21,112,Home
2005,20500413,W,0.537,0.633333333,0.273,0.68,8,20,28,30,17,7,11,25,111,Home
2005,20500423,W,0.471,0.46969697,0.474,0.846,15,28,43,19,6,9,14,25,111,Away
2005,20500429,W,0.378,0.431034483,0.25,0.788,11,30,41,17,5,0,6,21,94,Away
2005,20500444,L,0.469,0.5,0.381,0.833,7,27,34,22,10,3,12,26,94,Away
2005,20500458,L,0.434,0.535714286,0.15,0.714,8,30,38,16,6,6,13,23,89,Home
2005,20500509,L,0.384,0.4,0.346,0.808,7,30,37,22,8,3,8,23,96,Home
2005,20500511,L,0.382,0.430555556,0.267,0.65,16,39,55,22,7,4,8,15,99,Away
2005,20500532,L,0.436,0.5,0.313,0.6,15,28,43,21,10,4,10,26,104,Home
2005,20500544,W,0.512,0.559322034,0.391,0.696,12,35,47,25,6,4,17,20,109,Home
2005,20500575,W,0.474,0.46031746,0.533,0.567,10,35,45,22,13,4,14,20,99,Home
2005,20500586,L,0.408,0.411764706,0.4,0.839,3,24,27,16,8,3,15,18,92,Away
2005,20500597,L,0.452,0.524590164,0.261,0.478,18,33,51,23,3,7,13,27,93,Home
2005,20500615,L,0.416,0.440677966,0.333,0.657,15,32,47,18,6,3,12,24,93,Home
2005,20500631,L,0.396,0.428571429,0.308,0.75,16,34,50,21,11,2,18,39,105,Away
2005,20500640,W,0.469,0.515151515,0.267,0.643,18,34,52,23,6,4,15,20,98,Home
2005,20500673,L,0.44,0.472727273,0.379,0.733,11,29,40,21,8,2,14,25,107,Away
2005,20500675,L,0.432,0.444444444,0.364,0.667,10,30,40,17,6,3,15,24,86,Home
2005,20500694,W,0.475,0.484848485,0.429,0.9,9,38,47,26,10,11,13,17,109,Home
2005,20500705,W,0.489,0.492537313,0.476,0.743,14,33,47,26,9,9,15,25,122,Home
2005,20500712,L,0.561,0.678571429,0.308,0.774,11,24,35,25,10,3,17,41,124,Away
2005,20500730,L,0.395,0.462962963,0.259,0.774,16,29,45,17,4,5,15,26,95,Away
2005,20500737,W,0.5,0.534482759,0.389,0.552,8,28,36,23,3,4,13,24,99,Away
2005,20500757,L,0.378,0.438596491,0.176,0.87,10,38,48,18,6,9,17,22,79,Home
2005,20500776,W,0.385,0.428571429,0.2,0.658,18,34,52,19,9,5,16,18,88,Home
2005,20500789,L,0.319,0.342105263,0.2,0.727,14,25,39,13,9,2,11,19,77,Away
2005,20500811,L,0.393,0.360655738,0.478,0.5,9,36,45,21,9,6,13,22,88,Away
2005,20500819,L,0.337,0.329113924,0.4,0.688,17,30,47,11,10,7,14,18,75,Away
2005,20500838,L,0.443,0.515151515,0.227,0.61,15,26,41,20,6,9,17,31,108,Home
2005,20500854,W,0.432,0.446428571,0.389,0.675,11,33,44,24,5,5,12,18,98,Home
2005,20500865,L,0.333,0.34375,0.313,0.909,15,22,37,25,10,3,12,30,94,Home
2005,20500878,L,0.443,0.464285714,0.391,0.733,7,28,35,16,5,7,17,26,90,Away
2005,20500890,L,0.442,0.435483871,0.458,0.76,12,29,41,16,6,6,16,31,106,Away
2005,20500899,L,0.453,0.471428571,0.375,0.708,21,32,53,21,7,4,18,26,101,Away
2005,20500913,W,0.519,0.5,0.588,0.553,9,25,34,17,9,1,12,26,111,Away
2005,20500921,L,0.468,0.482142857,0.435,0.889,7,19,26,23,6,4,18,24,92,Away
2005,20500961,W,0.468,0.5,0.353,0.676,13,33,46,24,3,3,16,21,105,Home
2005,20500986,W,0.435,0.492063492,0.273,0.643,14,39,53,24,5,5,13,22,98,Home
2005,20500999,L,0.419,0.478873239,0.133,0.815,13,26,39,8,6,2,13,25,96,Away
2005,20501014,W,0.467,0.470588235,0.458,0.893,13,19,32,26,15,1,11,30,122,Away
2005,20501040,W,0.434,0.444444444,0.409,0.714,13,35,48,20,6,4,15,21,90,Away
2005,20501046,L,0.453,0.465517241,0.429,0.381,15,30,45,25,3,3,20,23,98,Home
2005,20501064,L,0.38,0.41509434,0.308,0.739,16,33,49,19,7,5,15,17,85,Home
2005,20501077,L,0.476,0.555555556,0.321,0.462,5,31,36,26,10,6,16,21,93,Home
2005,20501088,L,0.415,0.509090909,0.282,0.833,15,29,44,27,5,3,22,25,104,Away
2005,20501102,L,0.342,0.368421053,0.263,0.72,14,30,44,12,6,2,17,22,75,Away
2005,20501114,L,0.488,0.551724138,0.318,0.8,11,35,46,22,4,6,17,26,109,Away
2005,20501132,L,0.403,0.381818182,0.455,0.808,9,30,39,23,6,6,13,20,93,Home
2005,20501137,L,0.398,0.411764706,0.333,0.808,13,37,50,21,5,2,16,26,92,Away
2005,20501161,L,0.415,0.409836066,0.429,0.697,14,33,47,17,10,5,15,23,100,Away
2005,20501173,W,0.487,0.516129032,0.357,0.814,14,31,45,22,7,7,16,22,114,Home
2005,20501186,W,0.473,0.507246377,0.364,0.842,7,32,39,19,11,7,10,15,110,Home
2005,20501193,W,0.37,0.428571429,0.167,0.697,16,34,50,12,8,0,11,17,86,Away
2005,20501211,W,0.451,0.492537313,0.267,0.714,17,30,47,26,10,2,18,16,93,Home
2005,20501227,L,0.4,0.434782609,0.286,0.727,22,23,45,16,8,5,12,25,102,Away
2006,20600015,L,0.415,0.492063492,0.158,0.643,12,34,46,18,6,4,10,31,98,Home
2006,20600030,W,0.494,0.5,0.455,0.677,12,27,39,21,8,3,15,21,102,Home
2006,20600037,L,0.384,0.385964912,0.375,0.571,11,23,34,16,9,7,18,19,82,Away
2006,20600048,W,0.493,0.52,0.435,0.806,9,30,39,19,5,6,17,21,107,Away
2006,20600056,L,0.463,0.545454545,0.28,0.8,9,25,34,20,7,9,15,22,93,Away
2006,20600071,W,0.513,0.619047619,0.382,0.811,7,23,30,30,9,5,12,31,121,Home
2006,20600089,W,0.566,0.563636364,0.571,0.52,10,32,42,33,11,4,14,18,111,Home
2006,20600107,W,0.433,0.46969697,0.355,0.652,14,28,42,27,7,5,11,25,110,Home
2006,20600118,W,0.577,0.637931034,0.4,0.679,8,31,39,29,8,6,20,27,117,Home
2006,20600141,W,0.5,0.555555556,0.214,0.75,11,37,48,26,7,6,14,17,107,Home
2006,20600150,L,0.516,0.549295775,0.4,0.571,12,38,50,20,6,8,23,17,110,Home
2006,20600170,L,0.447,0.492307692,0.345,0.621,12,22,34,31,12,10,14,30,112,Home
2006,20600180,L,0.57,0.671641791,0.308,0.625,15,24,39,30,8,5,26,28,129,Away
2006,20600194,W,0.404,0.450704225,0.222,0.652,20,32,52,26,14,12,16,15,91,Home
2006,20600203,W,0.494,0.484848485,0.529,0.833,8,28,36,27,10,11,13,18,111,Home
2006,20600221,L,0.511,0.528571429,0.444,0.667,7,38,45,25,7,15,19,22,106,Home
2006,20600243,L,0.494,0.592592593,0.323,0.8,11,22,33,31,10,3,18,29,110,Home
2006,20600250,L,0.407,0.44,0.25,0.688,7,27,34,20,5,5,10,17,89,Away
2006,20600257,L,0.39,0.369230769,0.471,0.6,9,26,35,11,13,5,16,24,90,Away
2006,20600294,W,0.494,0.6,0.286,0.846,9,33,42,29,9,3,15,22,101,Home
2006,20600298,L,0.476,0.5,0.423,0.857,11,26,37,25,2,6,13,24,115,Away
2006,20600312,W,0.531,0.518518519,0.556,0.694,12,32,44,33,10,5,12,24,126,Home
2006,20600328,W,0.475,0.542372881,0.286,0.771,6,27,33,24,6,7,16,19,109,Home
2006,20600338,L,0.404,0.412698413,0.387,0.765,6,38,44,19,10,6,15,23,101,Away
2006,20600351,L,0.506,0.559322034,0.375,0.88,8,30,38,23,3,2,17,27,115,Away
2006,20600356,L,0.452,0.509090909,0.345,0.579,6,35,41,23,8,6,17,20,97,Away
2006,20600367,W,0.434,0.47761194,0.25,0.8,14,25,39,18,11,2,19,22,96,Away
2006,20600380,W,0.482,0.525423729,0.375,0.757,13,24,37,18,11,8,13,26,117,Away
2006,20600394,L,0.374,0.416666667,0.259,0.647,19,34,53,20,7,6,15,18,92,Away
2006,20600414,W,0.548,0.6,0.464,0.719,7,32,39,25,6,7,19,17,116,Home
2006,20600441,W,0.458,0.516666667,0.304,0.771,16,26,42,28,8,9,14,24,110,Home
2006,20600450,L,0.37,0.426229508,0.258,0.645,18,31,49,17,7,4,20,26,96,Away
2006,20600462,W,0.395,0.438596491,0.31,0.645,13,33,46,17,10,2,7,16,97,Away
2006,20600471,L,0.475,0.545454545,0.391,0.875,15,27,42,33,6,7,12,26,135,Away
2006,20600497,W,0.5,0.580645161,0.273,0.529,15,29,44,23,5,5,14,19,108,Home
2006,20600502,L,0.435,0.471428571,0.267,0.771,14,36,50,10,8,4,25,22,105,Away
2006,20600527,L,0.368,0.389830508,0.294,0.556,10,35,45,20,10,7,19,24,76,Home
2006,20600540,L,0.419,0.46875,0.273,0.545,12,28,40,22,10,3,13,18,96,Home
2006,20600562,W,0.424,0.478873239,0.238,0.676,20,34,54,24,13,4,16,23,108,Home
2006,20600578,L,0.418,0.408450704,0.45,0.727,12,32,44,19,12,5,14,27,109,Away
2006,20600601,L,0.398,0.385714286,0.429,0.667,11,34,45,29,16,6,19,24,104,Home
2006,20600614,L,0.477,0.528571429,0.278,0.7,10,26,36,19,18,6,20,29,103,Away
2006,20600631,W,0.464,0.586206897,0.192,0.771,11,26,37,25,9,5,14,25,110,Home
2006,20600654,W,0.557,0.548387097,0.588,0.75,10,32,42,31,16,9,15,25,131,Home
2006,20600669,L,0.408,0.517857143,0.1,0.846,10,25,35,14,5,8,20,28,97,Away
2006,20600676,L,0.438,0.534482759,0.067,0.707,9,22,31,22,12,4,12,22,94,Away
2006,20600689,W,0.465,0.486486486,0.333,0.72,12,29,41,19,10,5,15,24,102,Away
2006,20600700,L,0.419,0.492307692,0.19,0.667,16,33,49,13,6,5,18,18,90,Away
2006,20600715,W,0.435,0.382352941,0.647,0.848,11,46,57,16,10,7,25,25,113,Away
2006,20600732,L,0.37,0.418918919,0.231,0.813,14,28,42,24,10,8,12,16,93,Away
2006,20600748,W,0.427,0.423076923,0.44,0.649,20,35,55,31,8,9,13,30,123,Home
2006,20600763,L,0.464,0.5,0.333,0.75,14,30,44,22,4,4,17,23,105,Home
2006,20600766,L,0.53,0.620689655,0.32,0.75,9,25,34,29,7,8,18,21,111,Away
2006,20600787,W,0.6,0.627118644,0.524,0.619,9,32,41,29,8,8,18,22,120,Home
2006,20600810,W,0.46,0.532467532,0.217,0.75,12,34,46,25,15,7,17,22,118,Home
2006,20600826,L,0.439,0.466666667,0.364,0.667,7,28,35,25,10,7,19,26,90,Away
2006,20600838,L,0.43,0.52238806,0.105,0.429,13,31,44,16,7,8,15,20,85,Home
2006,20600853,L,0.467,0.529411765,0.273,0.55,13,30,43,27,9,5,15,19,101,Away
2006,20600860,L,0.402,0.483333333,0.182,0.684,12,28,40,15,7,5,24,25,83,Away
2006,20600871,L,0.449,0.439393939,0.478,0.4,11,27,38,19,5,5,11,27,97,Away
2006,20600888,L,0.442,0.47761194,0.357,0.8,17,35,52,22,5,4,20,27,106,Away
2006,20600897,W,0.545,0.603773585,0.417,0.85,8,37,45,24,12,3,21,22,111,Away
2006,20600916,W,0.441,0.423728814,0.471,0.857,13,37,50,31,10,9,17,25,110,Home
2006,20600926,W,0.451,0.484848485,0.313,0.769,17,31,48,17,5,6,18,26,99,Home
2006,20600942,L,0.373,0.413793103,0.28,0.818,15,28,43,17,9,3,17,18,87,Away
2006,20600947,W,0.571,0.642857143,0.381,0.7,5,23,28,31,13,6,15,26,117,Home
2006,20600978,W,0.488,0.528301887,0.407,0.944,7,31,38,27,10,3,19,30,106,Home
2006,20600987,W,0.442,0.467741935,0.375,0.824,11,33,44,21,15,3,20,24,99,Away
2006,20601003,L,0.45,0.423076923,0.5,0.824,10,20,30,21,7,1,14,28,100,Away
2006,20601030,W,0.583,0.661016949,0.4,0.794,9,27,36,34,13,1,20,25,135,Home
2006,20601044,L,0.433,0.5,0.314,0.75,10,23,33,30,12,2,8,29,113,Away
2006,20601053,L,0.371,0.417910448,0.227,0.72,10,23,33,19,7,4,13,23,89,Home
2006,20601071,W,0.52,0.567164179,0.419,0.643,11,33,44,29,8,4,14,23,124,Home
2006,20601093,W,0.517,0.566037736,0.444,0.667,9,32,41,39,8,12,11,26,122,Home
2006,20601115,W,0.439,0.425531915,0.457,0.815,8,27,35,24,14,4,11,23,110,Away
2006,20601127,W,0.5,0.625,0.333,0.8,7,27,34,29,12,3,23,28,116,Away
2006,20601137,L,0.426,0.467741935,0.344,0.571,12,22,34,17,4,4,11,28,99,Away
2006,20601156,W,0.553,0.5625,0.524,0.7,10,35,45,29,15,11,17,30,126,Home
2006,20601184,W,0.484,0.52238806,0.393,0.733,18,33,51,19,11,4,17,29,125,Away
2006,20601198,W,0.467,0.543859649,0.343,0.821,13,33,46,29,13,4,16,24,121,Home
2006,20601216,W,0.417,0.387096774,0.5,0.811,15,38,53,24,10,8,9,28,111,Home
2006,20601228,W,0.527,0.596774194,0.379,0.684,11,33,44,37,11,1,15,21,120,Away
2007,20700003,L,0.416,0.481481481,0.261,0.684,7,30,37,19,8,9,20,28,96,Home
2007,20700027,L,0.468,0.560606061,0.25,0.76,11,25,36,23,7,6,10,23,114,Away
2007,20700034,L,0.506,0.5625,0.419,0.708,11,19,30,23,10,3,21,25,110,Away
2007,20700053,L,0.429,0.462686567,0.333,0.692,9,34,43,22,4,4,12,19,104,Home
2007,20700065,L,0.494,0.515625,0.44,0.533,8,30,38,23,4,5,7,23,115,Home
2007,20700116,L,0.411,0.426229508,0.382,0.619,20,24,44,24,6,4,11,20,104,Home
2007,20700130,W,0.5,0.535211268,0.368,0.781,15,37,52,28,7,9,8,24,122,Home
2007,20700141,W,0.471,0.571428571,0.276,0.667,12,35,47,20,5,3,17,22,106,Away
2007,20700153,W,0.477,0.571428571,0.3,0.63,8,26,34,21,17,7,11,24,108,Away
2007,20700158,L,0.333,0.384615385,0.182,0.714,16,24,40,11,11,1,15,22,82,Away
2007,20700170,W,0.511,0.508474576,0.516,0.652,13,29,42,27,7,1,7,26,123,Away
2007,20700184,W,0.396,0.432835821,0.292,0.677,17,37,54,18,8,7,18,25,100,Away
2007,20700203,W,0.515,0.534246575,0.464,0.706,12,27,39,31,12,3,11,21,129,Home
2007,20700218,W,0.416,0.5,0.258,0.808,13,33,46,19,12,8,17,31,103,Away
2007,20700223,W,0.519,0.557377049,0.389,0.686,9,36,45,22,9,3,14,21,113,Home
2007,20700248,W,0.427,0.428571429,0.423,0.667,12,41,53,24,12,7,11,19,109,Away
2007,20700255,L,0.378,0.464788732,0.225,0.774,18,36,54,28,12,3,15,25,117,Home
2007,20700271,W,0.523,0.46875,0.682,0.938,10,31,41,29,16,6,17,21,120,Home
2007,20700285,W,0.415,0.435483871,0.375,0.857,17,23,40,21,9,1,8,21,120,Home
2007,20700300,L,0.463,0.580645161,0.242,0.773,16,32,48,25,6,5,17,26,113,Away
2007,20700313,W,0.392,0.442857143,0.259,0.722,19,27,46,22,14,4,10,23,96,Home
2007,20700323,L,0.402,0.423076923,0.371,0.923,14,29,43,23,7,4,15,25,95,Away
2007,20700338,W,0.444,0.430769231,0.48,0.8,11,32,43,19,11,4,15,28,108,Home
2007,20700350,L,0.418,0.473684211,0.273,0.652,13,19,32,23,6,2,17,19,87,Away
2007,20700358,W,0.534,0.625,0.292,0.8,13,39,52,24,10,1,15,28,125,Away
2007,20700373,W,0.488,0.491803279,0.478,0.818,9,31,40,24,8,3,13,16,111,Away
2007,20700392,L,0.386,0.444444444,0.24,0.84,15,24,39,16,6,1,16,27,95,Away
2007,20700402,W,0.521,0.543859649,0.438,0.88,5,35,40,18,7,2,18,16,105,Away
2007,20700418,W,0.422,0.508474576,0.258,0.808,13,30,43,26,11,10,18,24,105,Home
2007,20700433,L,0.423,0.441176471,0.389,0.783,19,24,43,29,5,5,8,22,120,Home
2007,20700445,W,0.435,0.490909091,0.333,0.75,8,34,42,26,13,8,16,30,105,Away
2007,20700452,W,0.46,0.509803922,0.389,0.857,15,32,47,22,11,3,21,26,112,Away
2007,20700466,L,0.418,0.410714286,0.435,0.719,11,24,35,16,3,4,10,23,99,Away
2007,20700483,L,0.532,0.62962963,0.304,0.556,9,26,35,26,3,3,13,16,104,Home
2007,20700499,W,0.516,0.55,0.452,0.88,10,34,44,25,6,4,11,25,130,Home
2007,20700518,L,0.393,0.45,0.276,0.813,14,29,43,15,7,2,15,19,91,Away
2007,20700532,W,0.516,0.557377049,0.438,0.75,10,32,42,33,9,9,15,27,116,Home
2007,20700545,W,0.418,0.507692308,0.242,0.571,16,34,50,21,13,2,15,21,106,Home
2007,20700559,W,0.444,0.456140351,0.417,0.767,6,28,34,21,9,7,12,23,105,Away
2007,20700565,L,0.429,0.5,0.314,0.757,10,25,35,28,18,4,11,31,117,Away
2007,20700582,W,0.461,0.5,0.379,0.813,15,28,43,24,10,3,14,30,119,Away
2007,20700589,W,0.544,0.6,0.417,0.92,8,28,36,25,13,4,16,21,119,Away
2007,20700603,L,0.435,0.509433962,0.313,0.727,13,32,45,21,11,3,11,21,108,Home
2007,20700624,W,0.506,0.561403509,0.385,0.871,6,34,40,25,10,8,12,27,121,Home
2007,20700650,W,0.435,0.517241379,0.259,0.714,15,33,48,21,6,4,15,21,106,Home
2007,20700661,L,0.42,0.431034483,0.4,0.7,12,33,45,23,9,5,10,25,107,Away
2007,20700669,W,0.523,0.542372881,0.481,0.929,9,27,36,23,2,5,6,19,116,Away
2007,20700686,W,0.548,0.545454545,0.556,0.833,8,35,43,32,9,6,13,19,127,Home
2007,20700725,L,0.432,0.507462687,0.25,0.905,12,29,41,19,14,3,13,31,108,Home
2007,20700743,W,0.418,0.516666667,0.226,0.667,18,31,49,21,10,5,17,23,105,Home
2007,20700757,W,0.524,0.6,0.37,0.75,11,32,43,24,9,2,15,22,120,Home
2007,20700775,W,0.542,0.586666667,0.381,0.615,11,23,34,26,10,2,11,21,120,Home
2007,20700786,L,0.494,0.548387097,0.36,0.667,8,25,33,21,8,4,13,22,109,Away
2007,20700799,W,0.472,0.513513514,0.267,0.721,16,33,49,24,8,4,16,28,119,Home
2007,20700814,L,0.479,0.571428571,0.231,0.706,11,29,40,20,9,6,14,22,110,Home
2007,20700844,W,0.441,0.481481481,0.286,0.818,17,25,42,24,14,5,12,16,105,Home
2007,20700867,W,0.511,0.571428571,0.379,0.737,12,33,45,30,8,12,14,17,119,Home
2007,20700884,W,0.467,0.507692308,0.36,0.85,14,30,44,19,8,7,8,23,110,Home
2007,20700889,W,0.545,0.550724638,0.531,0.8,10,29,39,28,10,5,11,28,135,Away
2007,20700898,L,0.488,0.581818182,0.296,0.7,8,35,43,12,5,8,14,28,109,Away
2007,20700916,W,0.541,0.588235294,0.433,0.75,14,37,51,26,12,3,9,21,134,Away
2007,20700927,W,0.404,0.457142857,0.25,0.846,8,36,44,16,14,3,10,25,104,Away
2007,20700962,W,0.557,0.676923077,0.217,0.778,11,29,40,32,7,4,12,22,117,Home
2007,20700965,L,0.41,0.4125,0.4,0.792,20,26,46,17,10,2,7,23,115,Away
2007,20700983,W,0.494,0.525423729,0.417,0.692,14,33,47,25,9,4,20,19,110,Home
2007,20701004,L,0.409,0.5,0.185,0.632,16,27,43,15,9,3,9,28,105,Away
2007,20701015,W,0.516,0.535211268,0.45,0.722,14,28,42,20,7,2,13,29,116,Away
2007,20701028,L,0.462,0.507246377,0.333,0.667,20,28,48,17,10,8,12,17,106,Home
2007,20701043,W,0.427,0.4375,0.4,0.853,11,32,43,19,13,7,12,26,115,Away
2007,20701051,L,0.437,0.459459459,0.379,0.75,16,39,55,22,11,3,15,24,119,Home
2007,20701072,W,0.464,0.466666667,0.458,0.846,15,31,46,20,9,7,9,17,111,Home
2007,20701087,L,0.404,0.432432432,0.333,0.857,15,36,51,24,7,5,13,19,112,Away
2007,20701096,W,0.471,0.53125,0.286,0.778,15,31,46,18,4,4,8,23,114,Home
2007,20701110,L,0.375,0.367647059,0.4,0.818,11,26,37,8,9,5,13,11,92,Away
2007,20701120,L,0.384,0.414285714,0.25,0.842,12,26,38,10,7,6,15,14,86,Away
2007,20701130,W,0.538,0.577464789,0.4,0.846,10,45,55,25,9,5,18,21,117,Away
2007,20701149,L,0.453,0.606060606,0.103,0.778,14,29,43,20,8,3,17,18,96,Away
2007,20701163,W,0.523,0.564516129,0.417,0.769,17,31,48,28,12,8,16,25,140,Home
2007,20701173,L,0.42,0.493150685,0.222,0.625,19,33,52,25,10,4,18,22,105,Home
2007,20701196,W,0.473,0.515151515,0.36,0.794,10,34,44,24,9,4,9,25,122,Home
2007,20701209,L,0.442,0.444444444,0.435,0.7,14,29,43,21,10,3,9,31,116,Away
2007,20701230,L,0.427,0.492307692,0.333,0.75,21,29,50,24,6,6,12,16,121,Home
2008,20800014,L,0.439,0.457627119,0.391,0.688,11,28,39,18,10,5,14,26,103,Home
2008,20800020,L,0.447,0.476923077,0.379,0.684,17,29,46,20,6,6,19,25,108,Away
2008,20800031,W,0.421,0.438596491,0.368,0.654,14,27,41,18,8,5,17,21,105,Away
2008,20800045,L,0.344,0.394736842,0.15,0.714,17,31,48,15,7,4,12,22,79,Away
2008,20800062,W,0.467,0.540540541,0.125,0.694,17,29,46,21,8,11,10,22,111,Home
2008,20800077,L,0.429,0.472222222,0.167,0.698,13,28,41,18,7,10,13,24,104,Home
2008,20800091,L,0.411,0.444444444,0.214,0.654,15,30,45,19,12,8,16,27,98,Away
2008,20800105,W,0.475,0.491803279,0.421,0.784,11,38,49,16,5,8,20,17,113,Home
2008,20800119,L,0.411,0.444444444,0.111,0.73,18,33,51,20,6,4,15,23,102,Home
2008,20800132,W,0.511,0.546666667,0.368,0.75,14,34,48,29,5,1,12,20,121,Away
2008,20800157,W,0.45,0.461538462,0.4,0.943,12,28,40,20,9,7,16,24,111,Home
2008,20800182,L,0.494,0.534246575,0.286,0.741,12,27,39,22,10,8,16,14,110,Home
2008,20800194,L,0.436,0.466666667,0.333,0.538,11,27,38,20,10,13,18,15,81,Away
2008,20800205,L,0.459,0.507692308,0.3,0.696,13,27,40,26,7,10,20,14,100,Away
2008,20800213,L,0.494,0.533333333,0.368,0.788,7,27,34,21,6,8,11,24,111,Away
2008,20800227,L,0.398,0.432835821,0.25,0.818,11,31,42,13,10,9,14,19,97,Away
2008,20800239,L,0.455,0.481481481,0.35,0.813,17,31,48,21,13,5,14,22,125,Away
2008,20800254,L,0.464,0.5,0.286,0.904,11,25,36,24,9,8,9,22,129,Home
2008,20800284,L,0.542,0.59375,0.368,0.652,8,25,33,17,6,3,15,27,112,Away
2008,20800294,L,0.373,0.383561644,0.3,0.793,11,32,43,11,5,2,12,19,88,Away
2008,20800303,W,0.506,0.544117647,0.308,0.788,11,36,47,17,13,7,23,19,112,Away
2008,20800321,W,0.489,0.544117647,0.3,0.818,10,36,46,27,6,9,10,18,119,Home
2008,20800335,L,0.402,0.458823529,0.182,0.72,23,27,50,23,9,10,10,27,108,Home
2008,20800343,L,0.412,0.417721519,0.389,0.75,9,31,40,22,12,5,14,15,105,Away
2008,20800359,L,0.418,0.452054795,0.278,0.739,16,32,48,19,7,3,16,12,98,Home
2008,20800367,L,0.45,0.458333333,0.429,0.783,13,36,49,20,6,11,16,19,120,Away
2008,20800379,L,0.451,0.52238806,0.25,0.688,15,27,42,24,11,4,15,21,99,Away
2008,20800389,W,0.455,0.423728814,0.556,0.833,11,32,43,18,5,5,15,23,110,Away
2008,20800403,L,0.319,0.311688312,0.357,0.643,18,34,52,16,10,5,16,19,81,Away
2008,20800414,L,0.371,0.378378378,0.333,0.895,16,25,41,14,12,3,17,22,88,Away
2008,20800435,W,0.458,0.511111111,0.37,0.852,11,24,35,20,8,7,21,22,99,Home
2008,20800449,L,0.494,0.492063492,0.5,0.727,9,24,33,23,11,8,17,21,113,Away
2008,20800457,W,0.5,0.5,0.5,0.879,6,31,37,26,8,9,12,23,117,Home
2008,20800471,L,0.461,0.472727273,0.429,0.808,9,26,35,20,9,4,20,24,100,Away
2008,20800481,L,0.475,0.516666667,0.35,0.735,10,29,39,21,8,7,16,26,108,Away
2008,20800505,L,0.5,0.516666667,0.45,0.758,9,29,38,20,7,2,15,28,114,Away
2008,20800525,L,0.484,0.519480519,0.313,0.647,10,33,43,25,9,6,17,23,106,Home
2008,20800545,L,0.507,0.542372881,0.375,0.818,9,23,32,24,5,2,17,24,100,Away
2008,20800550,W,0.481,0.5,0.435,0.821,10,36,46,21,7,7,15,21,120,Home
2008,20800575,L,0.443,0.45,0.4,0.61,21,39,60,24,7,13,11,29,133,Home
2008,20800588,W,0.506,0.492307692,0.563,0.824,10,37,47,20,7,6,13,21,119,Home
2008,20800608,W,0.53,0.5,0.619,0.818,14,27,41,28,3,5,13,22,119,Home
2008,20800626,L,0.52,0.53968254,0.417,0.95,7,25,32,25,6,6,14,26,121,Home
2008,20800638,L,0.438,0.446153846,0.4,0.806,9,34,43,16,3,11,14,26,105,Home
2008,20800654,W,0.488,0.492537313,0.471,0.739,11,38,49,27,9,7,17,22,107,Home
2008,20800676,L,0.386,0.363636364,0.545,0.905,8,30,38,18,8,5,14,21,93,Away
2008,20800690,W,0.41,0.454545455,0.235,0.864,10,37,47,15,8,5,15,27,91,Away
2008,20800697,L,0.42,0.424242424,0.4,0.826,8,27,35,17,6,6,11,27,93,Away
2008,20800713,L,0.468,0.481481481,0.385,0.667,10,33,43,23,9,8,17,28,105,Home
2008,20800730,W,0.522,0.548387097,0.464,0.773,6,34,40,29,6,8,12,21,124,Home
2008,20800742,L,0.453,0.486111111,0.286,0.793,11,32,43,17,6,6,21,28,105,Away
2008,20800759,W,0.519,0.53030303,0.462,0.824,8,29,37,24,10,4,8,24,116,Home
2008,20800771,W,0.553,0.555555556,0.545,0.875,13,29,42,29,11,8,8,22,144,Home
2008,20800787,W,0.408,0.402985075,0.444,0.907,13,27,40,13,10,5,14,18,105,Home
2008,20800807,L,0.516,0.540540541,0.421,0.895,15,23,38,27,8,7,15,28,121,Home
2008,20800826,W,0.563,0.590163934,0.474,0.919,3,24,27,21,14,3,17,21,133,Home
2008,20800841,L,0.443,0.492537313,0.286,0.808,10,29,39,23,11,8,18,19,105,Away
2008,20800875,L,0.494,0.524590164,0.4,0.808,9,20,29,20,11,2,17,24,109,Home
2008,20800891,L,0.513,0.543859649,0.421,0.75,9,31,40,22,8,11,25,26,104,Home
2008,20800901,W,0.457,0.442622951,0.5,0.739,8,42,50,21,8,6,11,20,118,Away
2008,20800910,L,0.4,0.449275362,0.238,0.846,10,31,41,13,6,6,16,21,88,Away
2008,20800921,L,0.384,0.38961039,0.333,0.846,10,30,40,16,4,6,13,19,91,Away
2008,20800933,L,0.519,0.55,0.421,0.789,9,33,42,25,6,7,20,24,120,Away
2008,20800965,W,0.45,0.5,0.278,0.813,16,38,54,22,6,5,16,22,116,Home
2008,20800978,W,0.459,0.487804878,0.313,0.774,19,40,59,23,6,8,11,16,119,Home
2008,20800994,L,0.484,0.560606061,0.28,0.875,13,22,35,26,7,6,14,21,130,Home
2008,20801007,W,0.536,0.542857143,0.5,0.811,9,36,45,27,5,10,13,26,127,Home
2008,20801022,L,0.457,0.481012658,0.333,0.789,12,30,42,24,15,3,16,21,106,Away
2008,20801033,W,0.565,0.590909091,0.474,0.824,6,31,37,35,6,6,14,31,119,Home
2008,20801046,L,0.395,0.451612903,0.211,0.778,10,37,47,18,8,6,17,20,89,Away
2008,20801057,L,0.457,0.456790123,0.455,0.773,14,26,40,18,4,5,9,22,106,Away
2008,20801068,L,0.475,0.46969697,0.5,0.793,7,19,26,21,11,2,14,24,106,Away
2008,20801088,L,0.42,0.411764706,0.438,0.9,19,31,50,21,8,6,17,21,116,Away
2008,20801103,L,0.435,0.46969697,0.346,1.0,10,29,39,17,7,8,14,29,109,Home
2008,20801120,W,0.535,0.579545455,0.231,0.762,11,41,52,25,9,5,13,30,143,Home
2008,20801133,W,0.468,0.509803922,0.385,0.853,9,33,42,19,3,5,12,20,111,Home
2008,20801151,W,0.374,0.352112676,0.45,0.875,15,34,49,15,9,7,13,23,105,Away
2008,20801172,L,0.442,0.453125,0.409,0.8,9,32,41,22,3,5,11,21,97,Home
2008,20801187,L,0.439,0.434782609,0.462,0.861,12,15,27,23,9,7,8,25,109,Home
2008,20801194,W,0.548,0.58490566,0.45,0.784,6,34,40,22,4,9,14,26,118,Away
2008,20801213,L,0.341,0.361111111,0.2,0.737,9,34,43,11,6,8,10,21,72,Home
2008,20801229,L,0.462,0.5,0.294,0.786,20,31,51,20,5,8,16,25,113,Away
2009,20900015,L,0.494,0.512820513,0.364,0.652,13,28,41,25,7,8,16,22,107,Home
2009,20900030,L,0.424,0.416666667,0.462,0.821,9,29,38,16,7,3,22,30,101,Away
2009,20900069,W,0.54,0.533333333,0.583,0.706,7,28,35,29,10,4,14,28,113,Home
2009,20900082,L,0.345,0.35483871,0.318,0.758,15,26,41,18,7,2,19,27,90,Home
2009,20900096,L,0.506,0.553846154,0.333,0.607,7,27,34,20,4,6,15,28,107,Away
2009,20900101,W,0.571,0.588235294,0.522,0.789,11,27,38,36,22,9,12,19,146,Home
2009,20900109,L,0.402,0.428571429,0.267,0.667,9,33,42,18,10,7,14,23,94,Away
2009,20900126,W,0.583,0.651515152,0.333,0.739,6,31,37,17,12,4,15,21,121,Away
2009,20900141,L,0.561,0.612903226,0.4,0.893,2,29,31,23,9,3,11,24,125,Away
2009,20900150,L,0.466,0.5,0.375,0.773,12,25,37,24,7,2,17,17,108,Away
2009,20900163,L,0.463,0.492063492,0.353,0.789,8,27,35,22,10,1,21,21,95,Away
2009,20900181,W,0.476,0.464788732,0.538,0.778,11,26,37,21,15,6,17,28,108,Home
2009,20900204,W,0.477,0.47761194,0.476,0.81,10,36,46,20,15,2,21,22,111,Away
2009,20900216,L,0.465,0.493333333,0.273,0.808,6,28,34,15,6,8,16,23,104,Away
2009,20900238,L,0.391,0.426666667,0.235,0.875,10,36,46,22,4,3,14,21,97,Home
2009,20900252,W,0.563,0.606557377,0.421,0.824,4,32,36,25,15,1,22,26,126,Home
2009,20900256,L,0.436,0.514705882,0.231,0.792,10,23,33,15,7,6,14,24,107,Away
2009,20900271,L,0.451,0.441176471,0.478,0.8,10,27,37,29,10,5,17,25,109,Home
2009,20900289,L,0.472,0.513513514,0.267,0.833,10,22,32,24,9,2,15,28,118,Home
2009,20900298,L,0.434,0.46031746,0.308,0.818,3,34,37,12,8,4,20,24,88,Away
2009,20900311,W,0.494,0.52,0.333,0.714,16,30,46,23,17,6,19,25,105,Away
2009,20900324,L,0.381,0.420289855,0.286,0.75,9,35,44,18,7,7,13,18,91,Away
2009,20900332,L,0.472,0.547169811,0.263,0.88,5,20,25,19,10,2,18,25,95,Away
2009,20900345,L,0.441,0.42,0.5,0.8,6,20,26,18,10,6,20,23,101,Away
2009,20900369,L,0.425,0.467532468,0.1,0.727,6,28,34,20,10,3,10,22,91,Home
2009,20900383,L,0.47,0.5,0.353,0.806,10,29,39,22,11,2,19,21,109,Home
2009,20900409,L,0.5,0.553846154,0.294,0.724,6,32,38,20,4,7,16,28,108,Away
2009,20900419,L,0.476,0.53030303,0.278,0.773,7,31,38,17,12,9,13,22,102,Away
2009,20900438,W,0.571,0.602739726,0.364,0.865,11,29,40,26,12,2,20,21,132,Home
2009,20900451,W,0.46,0.486486486,0.308,0.655,14,29,43,21,12,2,18,20,103,Home
2009,20900458,L,0.554,0.588235294,0.4,0.714,6,32,38,31,9,10,16,26,118,Away
2009,20900487,L,0.43,0.462686567,0.25,0.75,11,25,36,14,6,1,18,25,89,Away
2009,20900503,L,0.553,0.573529412,0.471,0.87,10,24,34,22,10,6,16,28,122,Away
2009,20900511,W,0.46,0.5,0.231,0.828,11,32,43,21,12,10,10,29,107,Away
2009,20900529,W,0.481,0.514705882,0.273,0.879,4,35,39,21,11,4,12,20,108,Home
2009,20900552,L,0.424,0.371428571,0.667,0.842,9,29,38,19,13,3,13,20,114,Home
2009,20900568,L,0.429,0.41509434,0.458,0.781,12,17,29,20,7,3,11,20,102,Home
2009,20900581,L,0.471,0.52238806,0.278,0.704,7,35,42,20,9,5,14,28,104,Home
2009,20900602,W,0.442,0.452054795,0.409,0.656,14,43,57,21,9,11,13,22,114,Home
2009,20900619,L,0.432,0.484848485,0.31,0.844,14,30,44,27,5,4,13,27,118,Home
2009,20900634,W,0.519,0.576271186,0.333,0.806,6,38,44,24,10,0,13,24,111,Home
2009,20900644,L,0.436,0.464788732,0.348,0.867,13,31,44,15,4,4,15,24,103,Away
2009,20900662,L,0.319,0.366197183,0.174,0.762,16,33,49,14,9,5,12,23,96,Away
2009,20900673,L,0.506,0.550724638,0.35,0.722,8,23,31,31,14,4,20,25,110,Home
2009,20900688,L,0.529,0.636363636,0.158,0.586,8,24,32,27,8,3,9,24,110,Home
2009,20900703,L,0.468,0.46969697,0.462,0.828,9,22,31,25,9,4,18,25,104,Away
2009,20900717,L,0.418,0.472972973,0.25,0.6,10,25,35,23,6,7,6,23,97,Away
2009,20900724,L,0.494,0.524590164,0.375,0.704,15,25,40,13,8,5,21,22,101,Away
2009,20900751,L,0.42,0.446153846,0.348,0.619,12,36,48,23,7,3,23,22,95,Home
2009,20900756,L,0.494,0.523076923,0.4,0.862,11,29,40,28,7,3,15,25,117,Home
2009,20900778,W,0.62,0.631578947,0.591,0.75,6,36,42,36,7,2,13,21,132,Home
2009,20900790,L,0.417,0.438596491,0.37,0.737,3,33,36,24,8,3,17,25,94,Away
2009,20900800,W,0.515,0.520547945,0.5,0.857,9,39,48,30,10,2,10,18,130,Home
2009,20900814,L,0.372,0.368421053,0.381,0.92,10,38,48,21,13,3,22,21,89,Home
2009,20900829,W,0.536,0.583333333,0.25,0.714,9,31,40,21,9,6,13,22,108,Home
2009,20900844,L,0.379,0.370967742,0.394,0.81,14,34,48,21,9,2,14,20,102,Home
2009,20900858,L,0.417,0.416666667,0.417,0.88,16,30,46,22,6,6,12,19,112,Home
2009,20900877,W,0.412,0.462962963,0.323,0.6,10,36,46,25,11,4,17,18,95,Home
2009,20900896,L,0.512,0.636363636,0.29,0.529,5,30,35,22,10,2,12,27,106,Away
2009,20900900,L,0.427,0.423728814,0.435,0.667,6,23,29,21,9,6,16,19,90,Away
2009,20900919,L,0.5,0.533333333,0.423,0.806,14,25,39,29,2,2,11,26,122,Away
2009,20900925,L,0.382,0.363636364,0.435,0.632,12,24,36,18,6,5,9,21,90,Away
2009,20900944,L,0.588,0.616666667,0.52,0.857,4,19,23,26,9,3,13,23,131,Away
2009,20900963,L,0.475,0.518518519,0.385,0.905,11,25,36,19,9,2,15,31,105,Home
2009,20900982,W,0.474,0.426470588,0.593,0.818,18,24,42,22,11,1,11,16,124,Home
2009,20900995,L,0.48,0.5,0.433,0.923,7,18,25,29,14,1,5,26,121,Home
2009,20901014,W,0.54,0.566666667,0.481,0.923,6,26,32,32,14,3,14,25,131,Home
2009,20901024,L,0.484,0.542372881,0.375,0.762,3,26,29,25,5,5,9,25,116,Away
2009,20901032,L,0.484,0.541666667,0.286,0.846,7,30,37,20,11,2,15,19,107,Away
2009,20901052,L,0.5,0.569230769,0.333,0.811,8,27,35,24,11,5,12,29,131,Home
2009,20901067,W,0.545,0.59375,0.417,0.815,13,32,45,30,10,4,20,22,128,Home
2009,20901086,L,0.333,0.356164384,0.276,0.933,16,43,59,18,9,3,15,10,90,Home
2009,20901096,W,0.534,0.557142857,0.444,0.826,8,30,38,25,7,6,13,25,121,Away
2009,20901119,L,0.36,0.444444444,0.154,0.857,8,27,35,13,7,2,13,25,104,Away
2009,20901130,W,0.574,0.643835616,0.333,0.684,8,32,40,26,12,5,11,16,128,Home
2009,20901145,W,0.477,0.466666667,0.5,0.72,7,33,40,31,7,3,13,28,113,Away
2009,20901152,L,0.393,0.40625,0.35,0.913,8,23,31,16,6,7,8,19,94,Away
2009,20901163,W,0.561,0.575757576,0.5,0.889,7,32,39,33,11,1,17,23,116,Away
2009,20901194,L,0.402,0.383333333,0.438,0.762,8,31,39,19,9,1,11,22,104,Away
2009,20901200,W,0.506,0.483333333,0.571,0.788,8,35,43,25,6,8,15,20,120,Home
2009,20901214,L,0.381,0.409836066,0.304,0.821,6,29,35,20,11,4,14,19,94,Home
2009,20901229,W,0.5,0.551724138,0.4,0.71,9,31,40,22,10,4,8,18,122,Away
2010,21000015,W,0.554,0.597222222,0.4,0.846,14,31,45,25,5,7,13,30,132,Home
2010,21000029,W,0.531,0.50877193,0.583,0.529,9,37,46,32,8,7,18,25,109,Home
2010,21000043,L,0.404,0.449275362,0.25,0.462,15,27,42,27,11,4,17,26,83,Away
2010,21000063,W,0.413,0.403225806,0.433,0.765,19,29,48,26,11,8,20,23,115,Home
2010,21000078,W,0.376,0.417721519,0.143,0.591,21,31,52,16,11,3,17,23,85,Home
2010,21000091,L,0.429,0.491803279,0.261,0.826,15,31,46,19,6,2,14,22,97,Away
2010,21000097,W,0.527,0.586206897,0.313,0.813,11,31,42,19,13,7,21,26,109,Away
2010,21000113,W,0.528,0.53164557,0.5,0.719,9,27,36,23,13,3,14,33,122,Away
2010,21000119,L,0.411,0.444444444,0.304,0.714,18,21,39,20,9,4,19,16,90,Away
2010,21000137,L,0.341,0.3,0.455,0.6,11,31,42,18,10,4,17,23,72,Away
2010,21000149,W,0.424,0.432835821,0.389,0.815,14,30,44,22,13,5,13,25,101,Home
2010,21000181,L,0.516,0.507462687,0.542,0.706,10,23,33,24,7,2,10,25,119,Home
2010,21000194,L,0.352,0.408450704,0.15,0.846,23,20,43,16,10,5,17,17,89,Away
2010,21000201,L,0.402,0.475409836,0.231,0.813,10,28,38,16,9,5,10,21,89,Home
2010,21000217,L,0.467,0.521126761,0.263,0.667,11,27,38,14,10,2,11,35,101,Away
2010,21000232,L,0.488,0.5,0.45,0.87,13,31,44,28,9,5,17,26,111,Away
2010,21000238,W,0.506,0.459016393,0.667,0.706,6,26,32,26,16,3,11,23,104,Away
2010,21000260,L,0.471,0.52173913,0.278,0.611,10,34,44,20,5,4,16,18,98,Home
2010,21000274,L,0.5,0.5,0.5,0.588,7,24,31,27,11,3,15,21,101,Home
2010,21000297,L,0.452,0.479452055,0.35,0.857,18,26,44,20,6,5,17,27,109,Away
2010,21000312,L,0.467,0.457142857,0.5,0.462,13,31,44,24,10,4,19,20,100,Away
2010,21000322,L,0.451,0.423728814,0.522,0.727,13,32,45,24,6,2,22,15,94,Away
2010,21000340,L,0.373,0.389830508,0.333,0.667,16,25,41,24,9,2,15,17,84,Home
2010,21000359,L,0.395,0.375,0.44,0.645,18,28,46,18,8,1,19,23,95,Away
2010,21000366,W,0.506,0.509090909,0.5,0.613,12,31,43,21,9,3,19,20,108,Home
2010,21000399,L,0.444,0.46875,0.353,0.739,15,27,42,17,11,4,18,23,95,Away
2010,21000413,L,0.512,0.580645161,0.318,0.704,13,22,35,29,9,6,14,30,112,Home
2010,21000419,W,0.472,0.5,0.4,0.697,10,38,48,24,12,8,19,28,117,Away
2010,21000437,W,0.482,0.491803279,0.455,0.905,7,25,32,31,7,8,13,16,109,Home
2010,21000454,W,0.47,0.4,0.652,0.81,10,34,44,31,9,6,12,17,110,Home
2010,21000462,L,0.446,0.491525424,0.333,0.733,10,33,43,22,8,2,18,13,93,Away
2010,21000477,W,0.494,0.528301887,0.417,0.625,7,32,39,16,9,8,13,21,96,Away
2010,21000486,L,0.471,0.466666667,0.481,0.75,7,29,36,19,7,2,12,31,107,Away
2010,21000500,L,0.409,0.424242424,0.364,0.769,13,30,43,19,9,3,19,25,90,Away
2010,21000518,W,0.481,0.508196721,0.4,0.75,10,27,37,22,9,3,8,23,110,Away
2010,21000534,W,0.482,0.473684211,0.5,0.952,11,31,42,26,9,8,17,25,116,Home
2010,21000545,L,0.39,0.416666667,0.318,0.714,12,32,44,20,12,6,19,32,91,Away
2010,21000571,L,0.506,0.543859649,0.433,0.818,7,20,27,28,10,5,11,24,110,Home
2010,21000585,W,0.524,0.517857143,0.538,0.917,7,28,35,29,9,3,14,22,122,Home
2010,21000607,W,0.494,0.538461538,0.333,0.75,11,24,35,25,5,10,6,21,109,Home
2010,21000624,W,0.511,0.541666667,0.375,0.737,7,28,35,22,11,5,12,18,110,Home
2010,21000638,W,0.516,0.584415584,0.222,0.85,10,34,44,21,13,5,20,26,119,Home
2010,21000651,L,0.459,0.517241379,0.333,0.815,13,29,42,23,6,2,11,29,109,Away
2010,21000662,L,0.459,0.485714286,0.333,0.95,6,30,36,21,4,5,9,21,102,Home
2010,21000677,L,0.507,0.548387097,0.308,0.885,9,19,28,19,4,4,21,17,103,Home
2010,21000691,L,0.466,0.476190476,0.44,0.87,16,33,49,26,12,4,18,24,113,Home
2010,21000707,W,0.493,0.528301887,0.4,0.8,9,38,47,21,8,10,19,17,96,Home
2010,21000731,W,0.506,0.509433962,0.5,0.769,8,28,36,23,7,6,17,13,100,Home
2010,21000753,W,0.481,0.524590164,0.333,0.826,5,30,35,26,8,4,8,15,101,Home
2010,21000765,L,0.434,0.523076923,0.111,0.692,14,36,50,20,4,3,12,14,92,Home
2010,21000782,W,0.511,0.515625,0.5,0.667,12,30,42,30,12,2,14,21,116,Home
2010,21000784,L,0.4,0.428571429,0.3,0.588,9,23,32,19,11,6,13,15,88,Away
2010,21000811,W,0.434,0.473684211,0.304,0.778,20,27,47,28,8,1,9,20,100,Home
2010,21000823,W,0.506,0.5,0.526,0.824,10,22,32,25,8,5,14,23,102,Home
2010,21000834,W,0.545,0.586206897,0.421,0.682,7,27,34,17,9,4,17,27,107,Away
2010,21000845,L,0.393,0.430769231,0.263,0.786,11,24,35,18,11,8,11,19,93,Home
2010,21000870,L,0.371,0.402597403,0.167,0.846,17,17,34,21,11,8,16,14,79,Home
2010,21000882,L,0.458,0.484375,0.406,0.917,14,26,40,21,13,9,13,24,123,Away
2010,21000894,L,0.427,0.435483871,0.407,0.722,11,33,44,19,4,7,13,26,100,Away
2010,21000904,W,0.424,0.446153846,0.35,0.794,14,40,54,24,6,7,16,25,106,Away
2010,21000918,L,0.476,0.538461538,0.263,0.857,15,24,39,17,9,3,16,19,103,Away
2010,21000935,L,0.49,0.556962025,0.211,0.944,12,27,39,19,9,6,20,26,117,Away
2010,21000948,W,0.453,0.455882353,0.444,0.9,14,26,40,21,9,11,16,17,95,Away
2010,21000954,L,0.44,0.442857143,0.429,0.667,8,33,41,16,11,3,10,19,90,Away
2010,21000975,W,0.495,0.431034483,0.6,0.769,8,26,34,35,12,3,12,23,123,Home
2010,21000990,W,0.437,0.46969697,0.333,0.773,13,33,46,23,16,10,15,25,100,Home
2010,21000998,L,0.5,0.533333333,0.423,0.667,4,20,24,24,9,5,13,25,119,Away
2010,21001012,L,0.512,0.568965517,0.375,0.684,7,24,31,24,12,3,13,18,106,Home
2010,21001026,L,0.422,0.453125,0.316,0.778,16,35,51,16,6,4,21,23,97,Away
2010,21001042,L,0.351,0.385964912,0.25,0.7,6,33,39,16,7,4,18,19,73,Away
2010,21001049,L,0.452,0.492307692,0.316,0.778,12,33,45,16,7,3,17,19,96,Away
2010,21001062,L,0.511,0.519480519,0.467,0.611,13,29,42,25,6,5,12,27,112,Away
2010,21001079,W,0.614,0.621212121,0.588,0.813,7,33,40,33,12,5,10,22,138,Home
2010,21001093,W,0.474,0.478873239,0.458,0.684,15,29,44,26,5,7,11,19,114,Home
2010,21001103,L,0.423,0.423076923,0.423,0.882,8,34,42,25,9,5,13,23,114,Away
2010,21001112,L,0.47,0.532258065,0.286,0.636,13,28,41,19,3,9,14,18,91,Away
2010,21001136,W,0.449,0.49122807,0.333,0.917,7,36,43,22,4,6,14,21,99,Home
2010,21001160,W,0.5,0.515151515,0.438,0.864,14,33,47,16,8,5,11,19,108,Away
2010,21001173,W,0.387,0.426470588,0.28,0.842,18,32,50,23,10,2,11,18,95,Home
2010,21001200,L,0.416,0.455696203,0.273,0.722,19,24,43,27,13,7,10,22,103,Home
2010,21001210,L,0.444,0.415384615,0.52,0.857,9,28,37,20,5,6,12,24,111,Away
2010,21001227,W,0.511,0.538461538,0.435,0.667,9,32,41,33,15,7,12,21,110,Home
2011,21100005,L,0.39,0.442622951,0.238,0.708,17,31,48,17,4,8,16,32,86,Home
2011,21100017,W,0.468,0.516129032,0.267,0.742,7,29,36,22,16,5,10,19,99,Home
2011,21100032,W,0.455,0.475409836,0.375,0.667,11,36,47,20,12,4,16,17,92,Home
2011,21100056,L,0.382,0.416666667,0.235,0.583,16,32,48,20,7,2,16,22,79,Home
2011,21100066,L,0.5,0.527272727,0.412,0.6,7,29,36,27,6,3,17,24,91,Away
2011,21100091,L,0.463,0.466666667,0.45,0.632,5,32,37,18,9,6,10,20,95,Away
2011,21100109,L,0.494,0.53968254,0.286,0.526,10,24,34,19,9,1,20,28,90,Away
2011,21100119,L,0.414,0.431372549,0.368,0.917,10,32,42,19,3,3,17,23,87,Home
2011,21100142,W,0.4,0.426470588,0.333,0.867,18,34,52,23,14,9,20,26,111,Home
2011,21100158,L,0.524,0.559322034,0.435,0.684,6,32,38,27,7,2,14,36,109,Home
2011,21100171,L,0.417,0.46875,0.25,0.781,12,29,41,18,8,5,13,31,100,Away
2011,21100181,W,0.521,0.603448276,0.2,0.741,10,33,43,23,9,7,16,22,99,Away
2011,21100196,W,0.436,0.426666667,0.474,0.737,12,31,43,26,10,6,12,24,105,Away
2011,21100206,L,0.514,0.517857143,0.5,0.667,7,19,26,23,11,8,10,21,100,Away
2011,21100226,L,0.463,0.473684211,0.435,0.875,7,38,45,18,3,5,18,21,91,Home
2011,21100251,L,0.5,0.568627451,0.36,0.625,8,31,39,24,11,6,24,22,90,Home
2011,21100269,W,0.519,0.508474576,0.55,0.571,5,25,30,33,10,3,12,18,101,Home
2011,21100284,L,0.471,0.491525424,0.429,0.789,10,24,34,30,12,7,20,29,109,Home
2011,21100314,W,0.407,0.432835821,0.333,0.846,9,29,38,26,8,8,8,20,93,Home
2011,21100331,W,0.469,0.513888889,0.333,0.84,22,25,47,23,10,6,8,22,119,Home
2011,21100353,L,0.433,0.37704918,0.552,0.923,10,26,36,25,10,9,18,21,106,Away
2011,21100372,L,0.55,0.593220339,0.429,0.826,7,29,36,28,9,4,15,22,116,Home
2011,21100385,W,0.519,0.518518519,0.52,0.636,6,35,41,22,8,14,17,23,109,Away
2011,21100412,W,0.506,0.490909091,0.542,0.722,6,29,35,24,8,4,15,19,106,Home
2011,21100419,W,0.453,0.470588235,0.389,0.81,15,29,44,17,7,4,10,13,102,Home
2011,21100440,L,0.474,0.50877193,0.368,0.75,9,30,39,24,8,7,13,17,91,Home
2011,21100453,L,0.348,0.363636364,0.304,0.857,22,21,43,18,8,8,18,24,87,Away
2011,21100458,L,0.427,0.410714286,0.462,0.778,11,20,31,18,9,3,14,29,103,Away
2011,21100480,W,0.458,0.483333333,0.391,0.792,13,25,38,22,6,6,10,18,104,Home
2011,21100496,W,0.464,0.46875,0.45,0.864,13,27,40,19,6,4,8,18,106,Away
2011,21100504,L,0.341,0.412698413,0.136,0.708,19,26,45,15,8,9,16,25,78,Away
2011,21100516,W,0.41,0.464788732,0.083,0.941,9,44,53,20,7,9,11,18,85,Away
2011,21100532,L,0.402,0.4375,0.278,0.857,7,32,39,18,6,5,9,12,83,Away
2011,21100548,L,0.363,0.409836066,0.211,0.684,10,31,41,17,6,3,14,20,75,Away
2011,21100555,W,0.542,0.5,0.652,0.938,10,37,47,27,7,4,14,24,120,Away
2011,21100581,L,0.443,0.442622951,0.444,0.609,11,28,39,23,2,4,15,20,92,Home
2011,21100602,W,0.541,0.612244898,0.4,0.84,3,41,44,23,17,2,16,20,111,Home
2011,21100610,W,0.514,0.509090909,0.533,0.81,6,31,37,22,6,6,17,26,97,Away
2011,21100625,W,0.505,0.507462687,0.5,0.733,9,36,45,20,9,6,7,21,115,Away
2011,21100637,L,0.526,0.631578947,0.238,0.842,8,25,33,25,11,3,17,18,103,Home
2011,21100653,L,0.443,0.438596491,0.455,0.9,7,28,35,23,6,3,12,17,98,Home
2011,21100661,L,0.413,0.490909091,0.24,0.8,3,37,40,14,9,7,13,21,92,Away
2011,21100675,L,0.425,0.444444444,0.385,0.75,6,27,33,22,9,5,8,20,93,Home
2011,21100688,W,0.438,0.416666667,0.483,0.9,8,25,33,27,8,10,9,16,101,Away
2011,21100696,L,0.415,0.424242424,0.375,0.9,8,24,32,21,5,6,17,20,83,Away
2011,21100718,W,0.489,0.537313433,0.333,0.857,8,31,39,30,5,5,14,25,111,Home
2011,21100725,L,0.432,0.480769231,0.318,0.941,6,38,44,18,2,5,15,20,87,Away
2011,21100742,L,0.429,0.458333333,0.316,0.944,8,27,35,22,4,9,5,25,101,Home
2011,21100752,L,0.446,0.5,0.357,0.733,8,25,33,19,4,5,16,16,87,Home
2011,21100768,L,0.526,0.540983607,0.467,0.813,6,26,32,26,11,3,17,21,100,Home
2011,21100784,L,0.489,0.47826087,0.524,0.867,8,21,29,31,9,5,5,23,112,Away
2011,21100796,L,0.463,0.484375,0.389,0.688,9,32,41,18,8,4,14,16,94,Away
2011,21100806,W,0.477,0.528571429,0.25,0.688,8,29,37,24,11,8,12,17,97,Away
2011,21100824,L,0.453,0.46875,0.409,0.917,14,27,41,22,9,2,17,21,98,Away
2011,21100834,W,0.523,0.567164179,0.381,0.75,14,27,41,25,9,8,13,19,112,Home
2011,21100849,L,0.369,0.322033898,0.48,0.714,7,20,27,21,9,12,15,26,84,Away
2011,21100868,L,0.522,0.527027027,0.5,0.727,10,28,38,27,6,4,15,22,110,Away
2011,21100873,L,0.469,0.492063492,0.389,0.87,14,32,46,27,7,2,16,14,103,Home
2011,21100886,L,0.463,0.448979592,0.484,0.714,11,28,39,22,7,6,16,26,104,Away
2011,21100912,L,0.409,0.410958904,0.4,0.882,14,33,47,24,9,4,16,31,99,Home
2011,21100931,L,0.422,0.478873239,0.211,0.7,7,33,40,23,8,3,11,22,87,Home
2011,21100940,L,0.446,0.4375,0.474,0.524,7,28,35,23,10,5,10,21,94,Away
2011,21100948,L,0.493,0.543859649,0.313,0.864,8,28,36,17,6,5,18,16,96,Away
2011,21100957,W,0.446,0.473684211,0.313,0.6,11,34,45,18,6,7,9,17,93,Away
2011,21100970,L,0.418,0.415384615,0.429,0.692,9,28,37,18,6,6,15,19,81,Home
2011,21100990,L,0.517,0.544303797,0.25,0.75,8,34,42,25,8,5,16,14,101,Home
2012,21200010,W,0.384,0.405797101,0.294,0.696,17,32,49,19,9,3,18,20,87,Away
2012,21200026,L,0.45,0.433333333,0.5,0.706,9,27,36,21,5,5,19,24,94,Home
2012,21200036,W,0.488,0.544117647,0.25,0.718,16,32,48,22,7,2,14,34,114,Away
2012,21200048,L,0.397,0.438596491,0.286,0.857,7,31,38,21,5,2,13,17,92,Away
2012,21200065,W,0.538,0.616666667,0.278,0.739,7,37,44,28,11,4,17,22,106,Home
2012,21200080,L,0.337,0.360655738,0.28,0.6,13,34,47,12,5,3,19,25,77,Away
2012,21200089,L,0.382,0.38961039,0.36,0.609,13,41,54,23,11,5,14,26,101,Home
2012,21200118,W,0.465,0.528301887,0.278,0.84,10,34,44,23,7,1,23,22,92,Home
2012,21200126,W,0.506,0.585714286,0.133,0.692,17,33,50,21,3,5,16,26,106,Away
2012,21200143,L,0.524,0.575757576,0.313,0.818,8,27,35,23,8,4,13,18,109,Away
2012,21200151,W,0.407,0.417910448,0.375,0.733,19,43,62,19,10,2,21,24,105,Away
2012,21200170,W,0.533,0.55,0.467,0.789,12,31,43,24,3,1,16,17,102,Home
2012,21200179,L,0.438,0.444444444,0.412,0.778,8,37,45,22,8,5,14,30,91,Away
2012,21200190,W,0.423,0.473684211,0.286,0.828,13,35,48,18,1,3,13,25,96,Home
2012,21200221,W,0.512,0.529411765,0.444,0.769,9,34,43,29,10,5,16,22,106,Home
2012,21200242,W,0.475,0.483333333,0.45,0.947,11,30,41,22,5,3,17,22,103,Home
2012,21200250,L,0.457,0.46875,0.412,0.722,9,34,43,23,5,5,14,20,94,Home
2012,21200261,W,0.453,0.490196078,0.375,0.794,9,26,35,24,9,7,10,22,104,Away
2012,21200272,W,0.511,0.521126761,0.474,0.8,15,32,47,24,9,1,11,21,109,Away
2012,21200283,W,0.432,0.440677966,0.409,0.815,13,44,57,22,4,5,19,16,101,Away
2012,21200299,W,0.452,0.46875,0.4,0.87,14,32,46,28,9,4,17,26,104,Away
2012,21200314,W,0.463,0.5,0.375,0.857,8,33,41,20,9,2,15,14,97,Away
2012,21200330,L,0.37,0.375,0.35,0.909,16,33,49,19,5,2,12,15,85,Away
2012,21200337,W,0.495,0.52,0.417,0.875,10,44,54,32,10,3,11,25,115,Away
2012,21200365,W,0.436,0.466666667,0.333,0.853,16,28,44,25,8,2,14,15,103,Home
2012,21200375,L,0.5,0.5,0.5,0.88,14,28,42,21,4,6,12,27,127,Away
2012,21200389,W,0.518,0.517241379,0.519,0.813,12,36,48,31,4,9,11,24,115,Home
2012,21200398,L,0.447,0.486486486,0.345,0.867,15,32,47,26,13,5,19,22,115,Home
2012,21200420,W,0.402,0.375,0.5,0.95,9,34,43,19,10,6,10,18,94,Away
2012,21200436,W,0.425,0.428571429,0.412,0.808,9,43,52,20,5,3,18,19,96,Home
2012,21200447,W,0.521,0.481481481,0.632,0.813,5,41,46,21,8,10,19,22,101,Home
2012,21200475,W,0.5,0.491803279,0.522,0.864,13,40,53,29,11,4,21,27,115,Home
2012,21200498,L,0.444,0.519230769,0.25,0.769,5,25,30,19,4,8,16,17,89,Away
2012,21200526,L,0.465,0.481481481,0.412,0.7,6,32,38,23,8,2,15,21,87,Home
2012,21200540,W,0.477,0.492957746,0.4,0.833,8,39,47,28,10,5,11,16,103,Home
2012,21200553,L,0.518,0.508474576,0.542,0.75,6,33,39,28,3,5,18,24,105,Away
2012,21200579,L,0.363,0.382352941,0.25,0.778,11,41,52,17,5,2,21,21,75,Home
2012,21200590,L,0.429,0.470588235,0.25,0.857,7,35,42,23,4,2,9,21,88,Away
2012,21200596,W,0.494,0.509090909,0.455,0.857,10,23,33,25,10,1,14,19,116,Away
2012,21200610,W,0.52,0.509433962,0.545,0.889,6,33,39,25,4,2,17,21,106,Home
2012,21200628,W,0.44,0.508196721,0.261,0.889,11,29,40,20,10,3,15,21,104,Home
2012,21200636,L,0.346,0.389830508,0.211,0.879,10,27,37,12,6,5,11,19,87,Away
2012,21200647,L,0.419,0.4,0.464,1.0,12,38,50,25,8,4,16,25,102,Away
2012,21200659,W,0.535,0.563380282,0.4,0.8,13,36,49,22,4,8,14,19,114,Away
2012,21200666,W,0.536,0.5,0.688,0.7,7,32,39,31,8,9,14,23,108,Away
2012,21200683,W,0.429,0.453125,0.35,0.84,12,34,46,26,6,4,13,21,100,Home
2012,21200704,W,0.506,0.514285714,0.474,0.7,14,33,47,34,5,3,13,24,113,Home
2012,21200718,L,0.477,0.535211268,0.2,0.8,11,29,40,21,2,5,12,26,109,Away
2012,21200729,L,0.409,0.383561644,0.5,0.75,13,36,49,25,7,4,19,15,98,Away
2012,21200742,L,0.486,0.526315789,0.353,0.75,7,27,34,18,5,4,16,25,93,Away
2012,21200750,L,0.382,0.383561644,0.375,0.708,17,35,52,12,4,1,16,26,91,Away
2012,21200774,L,0.452,0.46875,0.4,0.742,8,38,46,25,6,6,13,22,107,Home
2012,21200795,L,0.47,0.515151515,0.294,0.75,13,29,42,17,5,3,14,22,101,Away
2012,21200808,W,0.483,0.47761194,0.5,0.824,13,31,44,29,6,6,10,16,108,Home
2012,21200822,W,0.415,0.465753425,0.238,0.8,9,48,57,25,6,5,13,23,107,Home
2012,21200832,W,0.457,0.46875,0.412,0.826,14,34,48,18,11,4,22,28,100,Away
2012,21200844,L,0.434,0.381818182,0.571,0.792,15,31,46,16,11,6,20,23,97,Away
2012,21200853,L,0.5,0.466666667,0.556,0.857,5,33,38,14,6,4,18,23,105,Away
2012,21200867,L,0.34,0.38028169,0.217,0.773,13,41,54,17,6,1,12,24,86,Away
2012,21200876,L,0.419,0.433333333,0.385,0.789,11,24,35,22,14,3,20,14,97,Away
2012,21200895,W,0.573,0.6,0.471,0.821,6,32,38,33,3,4,14,27,125,Home
2012,21200912,W,0.36,0.365384615,0.348,0.862,6,40,46,19,9,4,18,14,87,Home
2012,21200926,L,0.379,0.363636364,0.429,0.65,12,39,51,18,6,4,16,25,88,Home
2012,21200933,L,0.451,0.462686567,0.4,0.65,12,35,47,21,4,1,17,21,93,Home
2012,21200947,W,0.41,0.362068966,0.55,0.708,13,46,59,16,7,4,14,25,92,Home
2012,21200966,W,0.569,0.611111111,0.444,0.6,11,31,42,27,5,9,13,15,105,Home
2012,21200978,L,0.447,0.5,0.214,0.8,7,27,34,16,8,7,12,17,95,Home
2012,21200988,W,0.458,0.442857143,0.5,0.778,8,42,50,27,7,6,10,17,108,Away
2012,21201001,W,0.5,0.490196078,0.526,0.867,6,38,44,21,6,7,16,20,93,Away
2012,21201016,L,0.44,0.430555556,0.5,0.867,12,27,39,16,9,4,17,17,93,Away
2012,21201039,W,0.493,0.490909091,0.5,0.773,8,34,42,25,5,4,22,17,101,Home
2012,21201053,W,0.478,0.492537313,0.435,0.684,9,39,48,22,3,4,11,27,109,Home
2012,21201069,L,0.456,0.545454545,0.208,0.846,13,28,41,30,9,4,14,19,98,Home
2012,21201094,W,0.54,0.567164179,0.45,0.815,11,41,52,22,6,8,10,24,125,Home
2012,21201122,W,0.462,0.491525424,0.368,0.864,11,36,47,25,5,8,13,21,98,Home
2012,21201134,W,0.512,0.5,0.563,0.875,12,18,30,26,15,1,14,21,111,Away
2012,21201151,L,0.473,0.49122807,0.412,0.722,8,33,41,21,5,2,17,15,90,Home
2012,21201163,W,0.429,0.432835821,0.417,0.773,12,48,60,24,7,6,13,19,105,Home
2012,21201175,L,0.44,0.441176471,0.438,0.615,7,32,39,16,10,3,16,19,97,Home
2012,21201189,L,0.474,0.492957746,0.423,0.813,15,29,44,25,7,4,8,33,116,Away
2012,21201212,W,0.541,0.569230769,0.45,0.833,9,44,53,26,9,7,21,17,116,Home
2012,21201230,W,0.43,0.430555556,0.429,0.769,14,38,52,21,7,3,12,17,99,Away
2013,21300017,W,0.535,0.525423729,0.556,0.783,7,41,48,34,8,9,15,22,125,Home
2013,21300019,L,0.526,0.509090909,0.571,0.697,10,23,33,26,7,2,25,35,115,Away
2013,21300040,W,0.513,0.571428571,0.407,0.75,5,39,44,28,8,7,18,22,98,Home
2013,21300048,W,0.446,0.481481481,0.395,0.65,13,41,54,28,18,7,22,24,110,Away
2013,21300067,W,0.5,0.53125,0.4,0.7,9,40,49,23,12,11,21,29,106,Away
2013,21300082,L,0.408,0.411764706,0.4,0.8,6,39,45,16,7,4,20,20,74,Away
2013,21300091,L,0.423,0.479166667,0.333,0.538,9,24,33,17,8,3,18,24,90,Away
2013,21300109,W,0.6,0.62962963,0.5,0.808,10,33,43,28,5,3,23,25,113,Home
2013,21300124,W,0.479,0.436619718,0.609,0.857,9,22,31,26,12,5,7,22,116,Home
2013,21300145,W,0.513,0.542372881,0.429,0.786,10,32,42,24,7,5,16,19,102,Home
2013,21300154,W,0.405,0.350877193,0.545,0.733,14,43,57,17,5,6,14,16,98,Away
2013,21300173,L,0.439,0.484375,0.278,0.5,7,36,43,24,3,3,15,20,81,Home
2013,21300186,L,0.415,0.416666667,0.409,0.643,16,34,50,23,8,2,19,20,95,Away
2013,21300196,L,0.468,0.483333333,0.412,0.733,5,36,41,20,4,4,19,31,101,Home
2013,21300214,W,0.455,0.47826087,0.368,0.714,9,32,41,25,8,6,10,14,102,Away
2013,21300225,L,0.421,0.433962264,0.391,0.765,10,42,52,18,2,6,19,15,99,Away
2013,21300235,L,0.442,0.492753623,0.308,0.69,12,39,51,20,4,6,15,28,112,Away
2013,21300251,W,0.512,0.473684211,0.6,0.727,10,22,32,22,13,5,18,25,115,Away
2013,21300268,W,0.506,0.56,0.414,0.8,9,27,36,27,11,2,12,16,112,Home
2013,21300285,L,0.355,0.416666667,0.125,0.794,10,33,43,10,9,3,22,27,83,Away
2013,21300293,W,0.5,0.514285714,0.444,0.857,15,32,47,24,6,5,11,20,108,Away
2013,21300304,L,0.456,0.566037736,0.297,0.818,10,43,53,20,3,6,15,24,111,Away
2013,21300326,W,0.43,0.431034483,0.429,0.6,14,36,50,20,6,6,18,18,95,Home
2013,21300341,L,0.478,0.544117647,0.273,0.833,19,37,56,22,6,6,18,30,112,Home
2013,21300355,L,0.425,0.396551724,0.5,0.697,11,39,50,19,6,4,20,25,102,Away
2013,21300368,W,0.451,0.507042254,0.25,0.708,17,41,58,25,6,2,12,23,104,Home
2013,21300382,L,0.467,0.576271186,0.258,0.909,13,34,47,26,14,4,24,21,102,Home
2013,21300402,W,0.388,0.388059701,0.387,0.737,16,39,55,19,14,5,18,24,102,Home
2013,21300415,W,0.429,0.426470588,0.438,0.556,11,31,42,17,4,8,15,18,89,Away
2013,21300422,W,0.421,0.422535211,0.417,0.682,16,33,49,27,8,4,13,22,105,Home
2013,21300435,W,0.529,0.569230769,0.4,0.708,15,41,56,32,9,4,21,25,115,Home
2013,21300448,W,0.442,0.516129032,0.303,0.737,12,40,52,30,8,10,17,28,108,Away
2013,21300462,W,0.482,0.603448276,0.222,0.6,12,44,56,21,3,11,17,13,94,Away
2013,21300474,W,0.561,0.58490566,0.517,0.842,6,34,40,29,9,1,20,24,123,Away
2013,21300483,W,0.448,0.55,0.222,0.68,13,34,47,30,15,7,21,17,101,Away
2013,21300501,W,0.506,0.53968254,0.409,0.85,8,37,45,24,8,7,14,15,112,Away
2013,21300501,W,0.506,0.53968254,0.409,0.85,8,37,45,24,8,7,14,15,112,Away
2013,21300515,W,0.459,0.547169811,0.313,0.65,16,40,56,21,5,4,17,22,101,Away
2013,21300523,L,0.462,0.519230769,0.346,0.739,6,34,40,19,7,5,18,27,98,Away
2013,21300541,W,0.413,0.454545455,0.308,0.714,14,32,46,23,7,1,11,18,99,Home
2013,21300576,L,0.433,0.483870968,0.321,0.879,9,32,41,24,7,3,13,21,116,Home
2013,21300592,L,0.524,0.490909091,0.593,0.559,12,21,33,22,10,1,17,29,121,Away
2013,21300599,W,0.44,0.5,0.273,0.895,10,33,43,17,7,11,8,20,97,Away
2013,21300615,L,0.407,0.446428571,0.333,0.7,13,32,45,21,7,2,15,22,94,Home
2013,21300645,L,0.551,0.597014925,0.409,0.867,9,32,41,31,4,8,14,26,120,Home
2013,21300660,W,0.418,0.424242424,0.4,0.81,10,41,51,22,8,4,9,21,103,Home
2013,21300673,L,0.375,0.403508772,0.304,0.783,5,42,47,19,12,6,19,16,85,Home
2013,21300673,L,0.375,0.403508772,0.304,0.783,5,42,47,19,12,6,19,16,85,Home
2013,21300688,W,0.495,0.557142857,0.286,0.75,16,37,53,24,8,5,11,21,111,Home
2013,21300696,W,0.375,0.370967742,0.385,0.792,14,29,43,17,9,5,9,22,95,Away
2013,21300724,L,0.312,0.342465753,0.2,0.813,18,32,50,18,7,4,16,18,75,Home
2013,21300738,W,0.482,0.475409836,0.5,0.733,12,27,39,24,7,6,12,18,102,Home
2013,21300754,L,0.488,0.559322034,0.32,0.731,12,22,34,16,5,4,12,21,109,Away
2013,21300769,W,0.489,0.525423729,0.414,0.833,13,47,60,24,9,11,18,20,123,Home
2013,21300788,L,0.482,0.462686567,0.563,0.808,11,32,43,22,10,4,13,18,110,Home
2013,21300810,W,0.453,0.537313433,0.158,0.833,6,29,35,26,14,3,7,23,101,Away
2013,21300814,W,0.398,0.424242424,0.333,0.792,14,35,49,18,8,9,12,24,102,Home
2013,21300832,W,0.435,0.476923077,0.3,0.765,12,38,50,26,12,4,10,22,93,Home
2013,21300842,W,0.463,0.490196078,0.419,0.682,11,33,44,27,3,7,13,19,104,Away
2013,21300855,L,0.357,0.396825397,0.238,0.818,9,32,41,17,6,7,16,27,83,Away
2013,21300869,W,0.478,0.526315789,0.4,0.774,12,37,49,25,11,5,15,21,126,Away
2013,21300884,L,0.42,0.446153846,0.348,0.8,16,25,41,25,5,5,13,22,98,Away
2013,21300899,W,0.44,0.421875,0.5,0.667,10,34,44,24,4,6,10,21,98,Away
2013,21300907,W,0.469,0.585714286,0.179,0.917,15,30,45,28,13,6,11,24,108,Away
2013,21300927,W,0.538,0.606557377,0.316,0.792,11,33,44,28,12,3,16,17,111,Home
2013,21300942,W,0.529,0.555555556,0.455,0.619,9,26,35,27,7,3,12,22,113,Home
2013,21300956,W,0.513,0.527272727,0.48,0.824,8,38,46,26,7,6,19,24,108,Home
2013,21300967,L,0.439,0.459016393,0.381,0.72,6,30,36,27,6,2,12,21,98,Away
2013,21300980,L,0.455,0.5,0.379,0.684,5,37,42,23,6,6,17,16,94,Home
2013,21300994,W,0.477,0.534482759,0.367,0.818,10,31,41,17,7,7,12,29,113,Away
2013,21301007,W,0.451,0.490909091,0.37,0.905,9,35,44,21,7,2,11,19,103,Home
2013,21301021,W,0.538,0.660377358,0.296,0.84,8,34,42,26,6,3,15,28,115,Home
2013,21301038,L,0.403,0.451612903,0.2,0.862,11,43,54,21,4,8,18,20,90,Home
2013,21301086,W,0.494,0.508196721,0.45,0.786,10,33,43,22,5,6,12,14,100,Home
2013,21301098,L,0.354,0.375,0.323,0.818,14,32,46,14,2,7,12,19,84,Home
2013,21301112,W,0.571,0.616666667,0.484,0.5,10,34,44,33,6,3,13,16,122,Away
2013,21301123,L,0.424,0.4375,0.381,1.0,7,26,33,21,7,2,13,19,90,Away
2013,21301141,W,0.452,0.507936508,0.333,0.667,15,42,57,25,6,5,13,22,102,Home
2013,21301155,W,0.578,0.614035088,0.515,1.0,6,39,45,34,9,2,16,23,130,Home
2013,21301175,L,0.455,0.523076923,0.261,0.867,6,32,38,19,9,4,13,17,99,Home
2013,21301188,W,0.489,0.47761194,0.52,0.692,12,45,57,27,12,5,18,17,112,Away
2013,21301201,L,0.484,0.5,0.459,0.75,6,32,38,22,10,0,15,27,117,Away
2013,21301213,W,0.485,0.53125,0.405,0.895,19,32,51,31,13,4,15,27,130,Home
2013,21301230,W,0.489,0.537313433,0.348,0.571,11,34,45,27,12,4,14,23,116,Away
2014,21400014,W,0.44,0.5625,0.222,0.719,7,37,44,21,12,8,22,32,95,Away
2014,21400038,W,0.554,0.583333333,0.478,0.857,12,31,43,30,10,4,20,26,127,Home
2014,21400042,W,0.444,0.483870968,0.316,0.81,7,34,41,22,11,7,17,16,95,Away
2014,21400068,W,0.581,0.571428571,0.6,1.0,4,35,39,29,7,3,23,22,121,Home
2014,21400087,W,0.448,0.508474576,0.321,0.647,15,39,54,22,11,8,26,19,98,Away
2014,21400095,L,0.478,0.488888889,0.458,0.857,3,33,36,16,9,7,27,26,95,Away
2014,21400108,L,0.543,0.62,0.35,0.85,1,37,38,23,5,4,20,16,100,Home
2014,21400121,W,0.456,0.535714286,0.324,0.667,14,31,45,30,7,10,11,16,107,Home
2014,21400140,W,0.517,0.557377049,0.423,0.786,11,40,51,30,7,3,15,25,112,Home
2014,21400145,W,0.535,0.551724138,0.5,0.882,11,40,51,32,4,5,16,26,136,Away
2014,21400182,W,0.5,0.593220339,0.261,0.684,6,34,40,28,10,5,13,18,101,Home
2014,21400196,W,0.355,0.382352941,0.28,0.75,13,39,52,26,7,8,10,18,91,Away
2014,21400206,W,0.573,0.638297872,0.464,0.652,5,40,45,21,6,9,12,24,114,Away
2014,21400212,W,0.518,0.542372881,0.462,0.579,8,39,47,30,7,6,15,19,111,Away
2014,21400224,W,0.424,0.479452055,0.269,0.938,16,30,46,28,7,8,12,26,106,Away
2014,21400243,W,0.468,0.482758621,0.429,0.778,9,40,49,24,5,8,16,19,104,Away
2014,21400262,W,0.463,0.545454545,0.296,0.778,13,36,49,25,8,5,15,15,98,Home
2014,21400275,W,0.47,0.474358974,0.455,0.471,18,38,56,31,11,8,9,8,112,Home
2014,21400289,W,0.449,0.474576271,0.4,0.8,15,25,40,27,14,6,11,21,112,Away
2014,21400305,W,0.462,0.536231884,0.227,0.929,15,36,51,24,15,6,17,18,102,Away
2014,21400324,W,0.494,0.551724138,0.348,0.85,6,37,43,21,9,5,15,16,105,Home
2014,21400340,W,0.446,0.529411765,0.313,0.778,9,36,45,21,7,7,14,24,105,Away
2014,21400348,W,0.512,0.532258065,0.458,0.829,8,38,46,22,7,9,20,19,128,Away
2014,21400365,L,0.411,0.46875,0.29,0.917,15,34,49,18,9,11,14,19,98,Away
2014,21400382,W,0.511,0.571428571,0.387,0.6,10,29,39,32,9,7,10,15,114,Home
2014,21400415,W,0.538,0.606060606,0.36,0.875,10,35,45,36,9,6,12,19,128,Home
2014,21400426,L,0.464,0.465517241,0.462,0.882,11,28,39,20,8,2,20,18,105,Away
2014,21400431,L,0.425,0.538461538,0.214,0.545,8,36,44,24,11,4,16,21,86,Away
2014,21400452,W,0.466,0.5,0.393,0.81,9,34,43,32,17,6,16,21,110,Home
2014,21400474,W,0.561,0.62962963,0.429,0.815,8,34,42,38,19,11,14,20,126,Home
2014,21400493,W,0.533,0.578125,0.429,0.8,14,31,45,35,8,8,9,18,126,Home
2014,21400518,W,0.466,0.433333333,0.536,0.625,10,44,54,27,8,4,12,22,117,Home
2014,21400533,W,0.495,0.523809524,0.429,0.75,10,29,39,30,11,3,11,23,117,Home
2014,21400547,W,0.5,0.589285714,0.333,0.941,9,35,44,35,9,8,13,20,112,Home
2014,21400571,W,0.505,0.5,0.52,0.846,6,25,31,32,10,5,10,16,116,Away
2014,21400582,W,0.469,0.480769231,0.448,0.789,10,26,36,29,5,5,13,21,104,Home
2014,21400593,L,0.457,0.485294118,0.375,0.786,13,30,43,24,10,2,14,14,115,Away
2014,21400603,W,0.549,0.594202899,0.409,0.667,12,37,49,32,11,11,14,21,131,Away
2014,21400615,W,0.543,0.574074074,0.481,0.778,7,46,53,30,10,6,13,14,122,Home
2014,21400636,W,0.5,0.52173913,0.448,0.833,16,30,46,26,13,9,18,23,126,Home
2014,21400651,W,0.479,0.518518519,0.425,0.864,12,34,46,32,13,8,18,22,126,Home
2014,21400665,W,0.472,0.515151515,0.348,0.88,9,38,47,29,9,3,13,20,114,Home
2014,21400679,L,0.425,0.4875,0.273,0.5,15,33,48,31,9,2,13,15,111,Home
2014,21400703,L,0.43,0.491525424,0.296,0.72,11,30,41,21,8,2,13,19,100,Away
2014,21400715,W,0.46,0.509090909,0.375,0.778,9,35,44,27,11,8,15,20,106,Home
2014,21400730,W,0.505,0.529411765,0.435,0.731,14,35,49,33,13,5,11,23,121,Away
2014,21400741,W,0.523,0.541666667,0.5,0.76,10,36,46,29,5,5,13,22,128,Home
2014,21400749,L,0.456,0.5,0.364,0.667,19,32,51,31,7,7,14,24,116,Away
2014,21400760,W,0.457,0.446428571,0.48,0.833,12,36,48,21,8,5,14,19,106,Away
2014,21400775,W,0.4,0.482142857,0.241,0.737,6,34,40,26,15,5,14,14,89,Away
2014,21400793,W,0.444,0.523809524,0.259,0.778,10,39,49,26,7,6,15,18,94,Away
2014,21400814,W,0.488,0.470588235,0.515,0.611,7,33,40,29,10,5,12,18,110,Home
2014,21400824,L,0.382,0.396825397,0.346,0.955,13,32,45,19,9,5,10,25,98,Away
2014,21400838,W,0.5,0.492537313,0.522,0.706,4,25,29,27,12,1,9,17,114,Away
2014,21400854,L,0.424,0.444444444,0.379,0.526,14,30,44,32,10,6,14,24,99,Away
2014,21400861,W,0.483,0.491525424,0.464,0.842,9,38,47,31,11,5,13,22,113,Away
2014,21400880,W,0.421,0.459016393,0.353,0.824,15,40,55,19,4,8,10,18,106,Away
2014,21400886,L,0.467,0.516666667,0.367,0.722,17,33,50,26,11,7,15,20,108,Away
2014,21400907,W,0.507,0.58974359,0.412,0.56,4,30,34,30,16,8,18,24,102,Home
2014,21400922,W,0.469,0.465517241,0.478,0.895,9,42,51,28,5,11,22,21,104,Home
2014,21400932,W,0.5,0.517241379,0.455,0.696,7,30,37,23,13,3,15,15,106,Home
2014,21400944,W,0.422,0.423076923,0.419,0.789,9,39,48,17,11,8,18,21,98,Away
2014,21400960,W,0.524,0.578125,0.35,0.769,10,32,42,29,5,6,17,11,105,Home
2014,21400973,L,0.424,0.424657534,0.421,0.773,9,26,35,29,5,10,8,25,103,Away
2014,21400981,W,0.5,0.464285714,0.559,0.941,8,34,42,34,13,6,11,16,125,Home
2014,21400999,W,0.476,0.578947368,0.259,0.913,7,30,37,28,16,7,15,21,108,Home
2014,21401014,W,0.524,0.555555556,0.467,0.6,10,34,44,39,8,7,18,23,114,Home
2014,21401030,W,0.5,0.565217391,0.263,0.826,12,30,42,29,9,6,10,19,112,Home
2014,21401036,W,0.487,0.5,0.444,0.846,7,30,37,25,11,3,12,17,106,Home
2014,21401053,W,0.411,0.419354839,0.394,0.762,19,43,62,23,9,6,11,14,107,Home
2014,21401059,W,0.602,0.666666667,0.462,0.909,6,40,46,37,4,5,14,18,122,Away
2014,21401082,W,0.433,0.389830508,0.516,0.765,14,29,43,28,15,5,14,17,107,Away
2014,21401089,W,0.512,0.526315789,0.48,0.857,7,38,45,27,7,8,22,23,108,Away
2014,21401111,W,0.447,0.46875,0.381,0.765,10,33,43,28,6,1,9,20,110,Away
2014,21401126,W,0.462,0.492537313,0.385,0.647,15,35,50,29,6,5,13,20,107,Home
2014,21401142,W,0.453,0.491525424,0.389,0.719,17,38,55,28,12,4,14,37,123,Away
2014,21401150,L,0.429,0.476190476,0.321,0.5,10,29,39,25,4,2,11,13,92,Away
2014,21401156,L,0.442,0.452054795,0.409,0.7,11,39,50,25,6,12,12,21,100,Away
2014,21401174,W,0.533,0.5625,0.462,0.889,9,35,44,27,6,5,14,12,116,Home
2014,21401192,W,0.452,0.5,0.355,0.714,13,37,50,28,10,5,12,19,110,Home
2014,21401212,W,0.527,0.52,0.542,0.741,6,33,39,30,9,7,21,22,111,Home
2014,21401229,W,0.522,0.548387097,0.464,0.765,14,27,41,30,11,6,13,25,133,Home
2015,21500003,W,0.427,0.484848485,0.3,0.909,21,35,56,29,8,7,20,29,111,Home
2015,21500030,W,0.462,0.507462687,0.346,0.68,11,36,47,26,9,4,8,24,112,Away
2015,21500035,W,0.548,0.537037037,0.567,0.714,3,35,38,26,10,4,10,24,134,Away
2015,21500051,W,0.512,0.542372881,0.44,0.733,10,55,65,32,8,13,14,15,119,Home
2015,21500069,W,0.459,0.491525424,0.385,0.774,9,33,42,28,6,5,12,22,112,Home
2015,21500083,W,0.495,0.517857143,0.459,0.556,13,40,53,40,10,6,20,22,119,Home
2015,21500092,W,0.413,0.566037736,0.205,0.864,15,31,46,27,13,2,18,15,103,Away
2015,21500104,W,0.473,0.442857143,0.571,0.846,13,28,41,29,13,4,16,18,109,Home
2015,21500120,W,0.48,0.520833333,0.407,0.739,7,29,36,22,12,8,23,30,100,Away
2015,21500125,W,0.539,0.588235294,0.474,0.938,6,27,33,34,8,7,11,25,129,Away
2015,21500144,W,0.443,0.492063492,0.353,0.9,11,39,50,31,9,10,15,19,107,Home
2015,21500164,W,0.538,0.62745098,0.379,0.667,9,25,34,31,10,6,20,29,115,Home
2015,21500177,W,0.521,0.488372093,0.567,0.861,8,36,44,31,4,4,19,20,124,Away
2015,21500187,W,0.494,0.58,0.345,0.75,11,38,49,20,7,6,16,15,106,Home
2015,21500200,W,0.528,0.533333333,0.517,0.692,11,35,46,35,15,8,21,25,118,Away
2015,21500214,W,0.489,0.578947368,0.343,0.6,12,36,48,32,9,6,8,13,111,Home
2015,21500236,W,0.568,0.558139535,0.579,0.677,11,42,53,32,7,9,24,26,135,Away
2015,21500245,W,0.488,0.46,0.533,0.839,13,35,48,32,8,7,16,19,120,Home
2015,21500259,W,0.488,0.490566038,0.483,0.8,14,31,45,21,2,5,15,19,106,Away
2015,21500268,W,0.523,0.555555556,0.471,0.727,11,42,53,31,2,9,21,23,116,Away
2015,21500290,W,0.479,0.441860465,0.533,0.722,8,35,43,22,2,5,12,24,112,Away
2015,21500300,W,0.512,0.566037736,0.424,0.522,10,36,46,25,9,9,12,18,114,Away
2015,21500314,W,0.547,0.6,0.457,0.733,10,36,46,29,10,6,15,19,131,Away
2015,21500336,W,0.393,0.434210526,0.29,0.795,17,50,67,28,10,11,18,22,124,Away
2015,21500351,L,0.404,0.483870968,0.222,0.68,15,34,49,23,9,8,17,20,95,Away
2015,21500381,W,0.523,0.553571429,0.469,0.778,9,40,49,32,12,4,17,17,128,Home
2015,21500397,W,0.483,0.540983607,0.346,0.757,15,31,46,31,7,4,15,22,121,Home
2015,21500434,W,0.47,0.5,0.391,1.0,9,31,40,26,10,9,16,11,103,Home
2015,21500438,W,0.41,0.45,0.278,0.741,8,41,49,21,7,10,16,19,89,Home
2015,21500468,W,0.483,0.489361702,0.476,0.667,13,46,59,33,12,8,18,25,122,Home
2015,21500480,L,0.407,0.419354839,0.368,0.75,8,29,37,20,9,0,12,18,91,Away
2015,21500485,W,0.512,0.524590164,0.478,0.63,12,31,43,35,8,5,18,20,114,Away
2015,21500504,W,0.5,0.568965517,0.357,0.652,9,38,47,34,9,5,14,22,111,Home
2015,21500520,W,0.517,0.566037736,0.441,1.0,3,34,37,32,4,9,11,19,111,Home
2015,21500524,W,0.465,0.490909091,0.419,0.762,10,44,54,26,9,9,11,17,109,Away
2015,21500548,W,0.529,0.509090909,0.563,0.857,5,43,48,36,6,5,15,20,128,Away
2015,21500556,W,0.563,0.6,0.514,0.733,9,39,48,35,5,8,19,25,128,Away
2015,21500568,W,0.477,0.53968254,0.304,0.733,9,40,49,25,5,1,9,18,111,Home
2015,21500583,L,0.477,0.516129032,0.385,0.8,7,32,39,25,9,11,13,25,110,Away
2015,21500592,W,0.5,0.566037736,0.394,0.85,12,35,47,26,12,4,20,17,116,Home
2015,21500605,L,0.362,0.347826087,0.4,0.739,14,33,47,18,6,9,13,16,95,Away
2015,21500622,W,0.541,0.6,0.475,0.778,6,31,37,33,7,2,8,25,132,Away
2015,21500634,W,0.526,0.603174603,0.375,0.65,12,43,55,38,8,9,10,17,125,Away
2015,21500652,W,0.478,0.50877193,0.424,0.88,14,36,50,31,9,4,17,24,122,Home
2015,21500675,W,0.518,0.559322034,0.423,0.84,10,35,45,31,15,3,21,25,120,Home
2015,21500691,W,0.58,0.634615385,0.483,0.905,7,33,40,33,5,4,9,18,127,Home
2015,21500707,W,0.495,0.523076923,0.433,0.5,12,45,57,37,5,7,23,18,108,Away
2015,21500718,W,0.575,0.590909091,0.552,0.696,3,41,44,31,8,5,18,21,116,Away
2015,21500739,W,0.527,0.557692308,0.488,0.552,11,38,49,35,10,5,18,24,134,Away
2015,21500769,W,0.495,0.577464789,0.269,0.65,13,33,46,24,7,4,10,23,116,Home
2015,21500788,W,0.468,0.533333333,0.353,0.885,14,35,49,28,5,6,12,26,123,Home
2015,21500799,W,0.416,0.469387755,0.35,0.828,8,42,50,24,12,7,13,22,112,Away
2015,21500815,L,0.391,0.413793103,0.353,0.75,14,33,47,25,7,4,20,17,105,Away
2015,21500822,W,0.512,0.607843137,0.355,0.769,6,33,39,32,8,2,14,19,115,Away
2015,21500836,W,0.438,0.568181818,0.311,0.833,6,37,43,30,14,8,13,17,102,Away
2015,21500848,W,0.467,0.467741935,0.464,0.84,9,34,43,23,7,2,13,24,118,Away
2015,21500855,W,0.602,0.634920635,0.52,0.688,8,34,42,35,9,4,21,21,130,Away
2015,21500874,W,0.474,0.492063492,0.438,0.68,4,28,32,25,15,7,11,22,121,Away
2015,21500895,W,0.398,0.432835821,0.333,0.882,18,33,51,28,11,3,13,22,109,Home
2015,21500911,W,0.54,0.679245283,0.324,0.762,4,36,40,33,11,3,9,20,121,Home
2015,21500931,L,0.402,0.532258065,0.133,0.81,17,32,49,32,5,3,20,20,95,Away
2015,21500943,W,0.5,0.530612245,0.457,0.704,10,40,50,27,13,7,24,26,119,Home
2015,21500958,W,0.571,0.648148148,0.433,0.6,9,30,39,36,10,7,15,23,115,Home
2015,21500971,W,0.449,0.448979592,0.45,0.769,16,40,56,23,5,6,8,20,128,Home
2015,21500981,W,0.5,0.607843137,0.333,0.848,7,35,42,28,6,9,8,25,123,Home
2015,21500996,W,0.58,0.625,0.48,0.826,8,38,46,30,6,6,18,22,125,Home
2015,21501011,W,0.505,0.518518519,0.486,0.917,12,42,54,32,4,8,13,13,121,Home
2015,21501026,W,0.505,0.456140351,0.579,0.857,5,37,42,35,8,7,13,21,130,Away
2015,21501036,L,0.378,0.47826087,0.25,0.8,7,30,37,24,12,3,11,21,79,Away
2015,21501050,W,0.494,0.555555556,0.333,0.625,13,31,44,31,13,10,17,20,109,Away
2015,21501066,W,0.448,0.452830189,0.441,0.75,11,39,50,23,9,5,12,20,114,Home
2015,21501080,W,0.489,0.511627907,0.467,0.913,7,33,40,30,8,10,7,16,128,Home
2015,21501094,W,0.53,0.6,0.424,0.75,7,37,44,32,9,4,18,15,117,Home
2015,21501112,W,0.437,0.435483871,0.44,0.652,7,48,55,27,11,6,16,23,102,Home
2015,21501119,W,0.438,0.5,0.343,0.722,9,37,46,19,6,6,18,21,103,Away
2015,21501136,L,0.458,0.45,0.465,0.769,8,33,41,25,12,7,22,24,106,Home
2015,21501152,W,0.568,0.551724138,0.6,0.818,11,32,43,30,5,8,13,23,136,Home
2015,21501163,L,0.5,0.587301587,0.343,0.875,9,37,46,35,9,5,24,29,117,Home
2015,21501177,W,0.542,0.568965517,0.48,0.909,7,36,43,33,8,2,16,22,112,Home
2015,21501190,W,0.448,0.568627451,0.278,0.923,7,41,48,20,3,7,11,14,100,Away
2015,21501201,W,0.442,0.48,0.37,0.778,7,39,46,19,7,6,13,18,92,Away
2015,21501227,W,0.529,0.65,0.426,0.813,12,39,51,35,7,7,17,14,125,Home
2016,21600003,L,0.471,0.634615385,0.212,0.722,8,27,35,24,11,6,16,19,100,Home
2016,21600025,W,0.484,0.555555556,0.321,0.893,9,40,49,32,8,2,14,22,122,Away
2016,21600036,W,0.422,0.5,0.276,0.848,7,36,43,27,6,5,16,23,106,Away
2016,21600054,W,0.562,0.634920635,0.385,0.739,7,38,45,36,14,4,16,19,127,Away
2016,21600069,W,0.517,0.542372881,0.467,0.8,15,31,46,27,9,14,16,18,122,Home
2016,21600078,L,0.453,0.62962963,0.156,0.7,9,31,40,26,13,3,20,13,97,Away
2016,21600099,W,0.5,0.527272727,0.457,0.833,10,28,38,35,14,4,15,17,116,Home
2016,21600116,W,0.581,0.634146341,0.515,0.591,5,34,39,33,3,5,15,22,116,Home
2016,21600119,W,0.541,0.581818182,0.467,0.95,9,35,44,33,15,6,15,18,125,Away
2016,21600143,W,0.517,0.537037037,0.485,0.871,8,35,43,32,8,7,16,20,133,Home
2016,21600165,W,0.506,0.607843137,0.361,0.929,7,28,35,33,9,7,12,25,127,Away
2016,21600179,W,0.489,0.564516129,0.321,0.583,9,41,50,33,10,7,11,20,104,Away
2016,21600191,W,0.442,0.49122807,0.368,0.813,18,27,45,30,8,5,12,25,124,Away
2016,21600202,W,0.444,0.5,0.361,0.844,12,48,60,31,9,10,12,17,120,Away
2016,21600223,W,0.616,0.68,0.528,0.686,6,42,48,47,7,5,10,20,149,Home
2016,21600238,W,0.518,0.581818182,0.393,0.706,4,40,44,31,10,10,18,21,109,Away
2016,21600244,W,0.556,0.576271186,0.5,0.824,12,33,45,25,9,8,18,14,115,Home
2016,21600259,W,0.435,0.5,0.343,0.792,7,34,41,25,6,10,15,20,105,Home
2016,21600281,L,0.413,0.516666667,0.273,0.784,13,41,54,31,12,7,17,27,127,Home
2016,21600299,W,0.628,0.614035088,0.667,0.765,6,32,38,37,9,5,17,19,138,Home
2016,21600314,W,0.519,0.597014925,0.378,0.769,16,38,54,45,12,13,11,22,142,Home
2016,21600330,W,0.472,0.603448276,0.226,0.828,12,34,46,32,11,5,10,24,115,Away
2016,21600335,W,0.488,0.529411765,0.414,0.696,9,38,47,26,10,4,17,23,106,Away
2016,21600351,L,0.442,0.5,0.333,0.6,10,32,42,15,6,8,23,23,89,Away
2016,21600358,W,0.458,0.490196078,0.406,0.9,6,31,37,30,9,4,9,24,116,Away
2016,21600371,W,0.442,0.459016393,0.412,0.789,9,36,45,30,6,5,12,12,113,Away
2016,21600388,W,0.469,0.5625,0.281,0.5,15,42,57,41,7,10,17,17,103,Home
2016,21600405,W,0.586,0.627118644,0.5,0.731,9,47,56,36,7,5,15,16,135,Home
2016,21600427,W,0.444,0.462686567,0.391,0.882,9,41,50,24,13,3,10,18,104,Home
2016,21600437,W,0.452,0.52238806,0.324,0.786,11,40,51,29,19,7,13,19,117,Away
2016,21600446,W,0.558,0.64,0.407,0.917,4,37,41,35,9,2,23,21,119,Away
2016,21600457,L,0.481,0.595744681,0.3,0.862,5,37,42,25,8,4,20,24,108,Away
2016,21600485,W,0.568,0.551724138,0.609,0.833,9,42,51,33,4,9,20,16,121,Home
2016,21600501,W,0.5,0.607843137,0.333,0.867,4,39,43,31,5,4,13,12,108,Home
2016,21600520,W,0.526,0.557142857,0.44,0.762,12,31,43,33,7,2,13,14,127,Home
2016,21600534,W,0.506,0.607843137,0.361,0.828,8,31,39,31,14,9,15,20,125,Home
2016,21600550,L,0.494,0.622641509,0.267,0.744,7,37,44,23,7,5,16,21,119,Home
2016,21600566,W,0.506,0.583333333,0.345,0.85,13,33,46,33,11,6,17,22,117,Away
2016,21600578,W,0.453,0.474576271,0.407,0.818,5,43,48,28,6,7,11,16,107,Home
2016,21600590,W,0.562,0.583333333,0.517,0.667,6,31,37,39,14,4,18,14,127,Home
2016,21600619,W,0.505,0.543859649,0.441,0.792,11,47,58,37,10,11,17,22,126,Home
2016,21600634,W,0.541,0.5625,0.476,0.704,11,35,46,35,11,8,18,16,121,Home
2016,21600646,W,0.528,0.62745098,0.395,0.762,8,33,41,30,8,7,15,18,125,Away
2016,21600661,W,0.472,0.489361702,0.452,0.789,13,39,52,27,8,4,19,15,118,Away
2016,21600668,L,0.466,0.568965517,0.267,0.6,7,36,43,27,9,4,14,20,102,Away
2016,21600687,W,0.476,0.518518519,0.393,0.889,5,36,41,23,7,14,12,19,113,Away
2016,21600707,W,0.62,0.689655172,0.5,0.813,9,39,48,35,9,7,11,17,144,Home
2016,21600718,W,0.456,0.528301887,0.308,0.846,8,31,39,28,13,6,18,18,113,Away
2016,21600741,W,0.49,0.541666667,0.438,0.786,9,38,47,35,9,13,10,18,126,Home
2016,21600745,W,0.525,0.584615385,0.412,0.833,15,31,46,38,10,2,12,26,133,Away
2016,21600764,L,0.414,0.488372093,0.341,0.792,7,33,40,22,10,10,18,17,106,Away
2016,21600792,W,0.565,0.578947368,0.536,0.923,5,40,45,37,9,5,13,17,123,Home
2016,21600803,W,0.506,0.545454545,0.455,0.763,5,29,34,31,14,13,12,26,122,Away
2016,21600813,W,0.529,0.589285714,0.419,0.714,10,30,40,28,10,3,12,22,130,Away
2016,21600827,L,0.489,0.616666667,0.25,0.923,4,23,27,25,12,6,9,13,110,Away
2016,21600847,W,0.488,0.583333333,0.361,0.667,6,40,46,32,10,10,8,16,109,Home
2016,21600854,W,0.531,0.535714286,0.52,0.923,10,43,53,31,11,11,21,27,123,Home
2016,21600873,W,0.42,0.449275362,0.355,0.773,13,39,52,30,10,11,11,17,112,Home
2016,21600883,W,0.449,0.566666667,0.207,0.846,16,29,45,31,14,4,14,18,119,Away
2016,21600889,L,0.464,0.563636364,0.276,0.815,13,28,41,28,10,6,19,23,108,Away
2016,21600906,L,0.386,0.482758621,0.2,0.929,6,35,41,23,10,6,15,18,87,Away
2016,21600928,W,0.455,0.509433962,0.371,0.826,11,24,35,21,11,3,8,18,112,Away
2016,21600937,W,0.471,0.488372093,0.455,0.773,13,30,43,33,10,4,16,22,119,Away
2016,21600959,L,0.44,0.574074074,0.2,0.667,12,34,46,23,8,12,18,20,86,Home
2016,21600968,L,0.466,0.53125,0.292,0.765,12,31,43,25,9,5,12,21,102,Away
2016,21600980,L,0.359,0.373333333,0.294,0.609,20,29,49,19,10,4,15,16,85,Away
2016,21601003,W,0.364,0.321428571,0.438,0.8,13,30,43,24,12,11,18,24,106,Home
2016,21601019,W,0.575,0.655737705,0.385,0.522,7,40,47,36,14,9,13,18,122,Home
2016,21601035,W,0.6,0.634615385,0.522,0.789,6,38,44,30,5,6,14,16,117,Home
2016,21601049,W,0.482,0.5,0.455,0.762,9,37,46,28,8,8,17,22,111,Away
2016,21601055,W,0.551,0.625,0.433,0.813,4,42,46,34,10,2,16,20,112,Away
2016,21601081,W,0.494,0.586206897,0.323,0.889,13,31,44,37,14,8,13,15,114,Home
2016,21601094,W,0.549,0.55,0.548,0.733,7,30,37,30,9,4,18,15,106,Home
2016,21601108,W,0.511,0.723404255,0.268,0.75,8,36,44,33,9,7,17,29,113,Away
2016,21601118,W,0.506,0.508474576,0.5,1.0,10,25,35,31,7,7,15,22,110,Away
2016,21601136,W,0.453,0.507936508,0.344,0.714,13,30,43,27,10,14,12,20,107,Home
2016,21601152,W,0.568,0.653846154,0.444,0.885,10,34,44,34,7,10,16,20,139,Home
2016,21601162,W,0.524,0.576923077,0.438,0.792,8,32,40,33,9,7,13,19,121,Home
2016,21601171,W,0.506,0.542372881,0.433,0.708,7,32,39,25,13,9,15,19,120,Away
2016,21601195,W,0.51,0.619047619,0.303,0.938,14,39,53,37,2,4,9,15,123,Home
2016,21601211,L,0.488,0.545454545,0.36,0.706,8,34,42,25,5,6,13,17,99,Home
2016,21601229,W,0.456,0.537037037,0.333,0.682,14,40,54,26,14,8,21,17,109,Home
2017,21700002,L,0.538,0.54,0.533,0.905,6,35,41,34,5,9,17,25,121,Home
2017,21700025,W,0.516,0.568627451,0.45,0.8,10,39,49,29,6,8,18,23,128,Away
2017,21700033,L,0.393,0.456521739,0.316,0.852,12,34,46,20,10,7,17,28,101,Away
2017,21700045,W,0.558,0.70212766,0.385,0.846,10,40,50,33,6,8,16,23,133,Away
2017,21700063,W,0.558,0.607843137,0.462,0.864,6,31,37,32,10,7,17,15,117,Home
2017,21700075,W,0.484,0.631578947,0.263,0.9,15,38,53,33,7,13,18,20,120,Home
2017,21700091,L,0.571,0.68,0.37,0.75,10,30,40,29,3,11,26,14,107,Home
2017,21700100,W,0.584,0.633333333,0.483,0.767,14,32,46,37,8,8,12,23,141,Away
2017,21700117,W,0.518,0.527272727,0.5,0.75,5,36,41,30,11,12,14,20,112,Away
2017,21700135,W,0.549,0.62745098,0.45,0.529,7,34,41,38,13,4,15,23,127,Away
2017,21700148,W,0.368,0.381818182,0.344,0.917,13,38,51,20,12,10,15,21,97,Home
2017,21700163,W,0.565,0.673469388,0.417,0.778,3,42,45,37,10,9,19,23,125,Home
2017,21700184,W,0.585,0.618181818,0.519,0.962,4,35,39,31,15,11,22,23,135,Home
2017,21700199,W,0.5,0.553846154,0.348,0.875,12,38,50,35,4,5,16,21,110,Home
2017,21700215,L,0.402,0.46,0.313,0.632,7,40,47,22,9,10,15,24,88,Away
2017,21700231,W,0.549,0.632352941,0.304,0.85,11,37,48,25,5,6,13,18,124,Away
2017,21700236,W,0.511,0.545454545,0.417,0.696,6,51,57,29,8,14,15,27,118,Away
2017,21700263,L,0.413,0.469387755,0.323,0.833,7,32,39,22,11,8,22,20,91,Away
2017,21700276,W,0.582,0.672727273,0.444,1.0,6,43,49,36,11,11,11,15,143,Home
2017,21700284,W,0.415,0.475409836,0.303,0.815,11,33,44,30,11,6,10,24,110,Home
2017,21700296,L,0.5,0.558139535,0.432,0.714,9,27,36,31,9,6,15,15,106,Home
2017,21700312,W,0.5,0.546875,0.4,0.75,12,37,49,30,10,4,22,19,127,Away
2017,21700318,W,0.625,0.671875,0.5,1.0,7,35,42,46,9,11,19,16,133,Away
2017,21700335,W,0.56,0.666666667,0.367,0.75,7,34,41,32,4,4,10,14,123,Away
2017,21700346,W,0.517,0.537037037,0.485,0.704,5,35,40,36,14,5,17,17,125,Away
2017,21700358,W,0.476,0.537037037,0.367,0.769,8,39,47,26,8,12,15,20,101,Away
2017,21700368,W,0.481,0.581818182,0.269,0.773,5,40,45,29,5,15,14,19,102,Away
2017,21700395,W,0.55,0.566666667,0.5,0.765,6,36,42,26,5,9,14,16,111,Home
2017,21700417,W,0.603,0.642857143,0.5,0.778,4,37,41,35,7,4,16,22,112,Home
2017,21700450,W,0.402,0.438356164,0.324,0.905,15,46,61,25,6,10,15,26,116,Away
2017,21700464,W,0.459,0.509433962,0.333,0.88,14,30,44,26,9,8,16,19,97,Home
2017,21700479,W,0.494,0.573770492,0.292,0.815,10,32,42,24,9,13,16,17,113,Home
2017,21700489,L,0.381,0.50877193,0.111,0.824,11,27,38,25,14,8,18,14,81,Home
2017,21700494,W,0.463,0.622222222,0.27,0.765,10,37,47,28,7,7,15,18,99,Home
2017,21700514,W,0.593,0.634920635,0.478,0.765,4,46,50,37,8,7,16,18,126,Home
2017,21700528,L,0.46,0.492307692,0.364,0.923,8,35,43,32,6,5,18,25,100,Home
2017,21700535,W,0.588,0.615384615,0.545,0.92,7,31,38,37,3,6,10,17,141,Home
2017,21700562,W,0.527,0.593220339,0.406,0.842,7,39,46,36,8,7,14,21,125,Away
2017,21700566,W,0.552,0.614035088,0.433,0.75,6,39,45,35,6,6,13,18,124,Away
2017,21700578,W,0.415,0.472727273,0.333,0.811,14,40,54,31,13,10,17,25,121,Away
2017,21700597,W,0.565,0.636363636,0.433,0.714,10,33,43,33,7,10,16,15,124,Home
2017,21700613,L,0.481,0.535714286,0.348,0.846,4,29,33,26,9,6,16,21,106,Home
2017,21700622,W,0.557,0.609375,0.333,0.833,10,33,43,28,7,3,11,13,108,Away
2017,21700631,W,0.58,0.666666667,0.375,0.857,3,27,30,28,4,3,7,20,127,Away
2017,21700646,W,0.482,0.547169811,0.375,0.8,13,35,48,33,8,6,17,23,118,Away
2017,21700657,W,0.5,0.568627451,0.394,0.88,5,44,49,24,5,3,15,16,119,Away
2017,21700679,L,0.488,0.5,0.472,0.733,4,29,33,31,8,10,19,24,108,Away
2017,21700699,W,0.554,0.622641509,0.433,0.9,3,33,36,40,6,3,12,16,123,Home
2017,21700713,W,0.539,0.519230769,0.568,0.6,11,36,47,37,9,8,16,17,126,Home
2017,21700728,W,0.452,0.49122807,0.37,0.885,10,33,43,19,9,9,12,17,109,Home
2017,21700751,L,0.459,0.566666667,0.2,0.762,11,26,37,27,10,7,20,16,99,Away
2017,21700774,W,0.55,0.574468085,0.515,0.875,7,44,51,25,8,4,25,19,119,Away
2017,21700782,L,0.5,0.636363636,0.258,0.609,11,31,42,28,9,10,14,23,108,Away
2017,21700803,L,0.487,0.604166667,0.286,0.742,10,35,45,27,7,8,25,24,105,Home
2017,21700815,W,0.511,0.525423729,0.483,0.85,18,33,51,37,6,7,16,18,121,Home
2017,21700831,W,0.565,0.620689655,0.444,0.933,11,33,44,35,5,6,16,18,122,Home
2017,21700846,W,0.584,0.650793651,0.423,0.667,7,42,49,36,8,16,12,18,129,Home
2017,21700864,L,0.478,0.566037736,0.351,0.947,8,33,41,24,8,7,16,24,117,Away
2017,21700872,W,0.618,0.647058824,0.56,0.765,3,29,32,31,8,8,15,24,134,Home
2017,21700887,W,0.472,0.490196078,0.447,0.846,12,42,54,36,8,6,16,21,112,Home
2017,21700900,W,0.518,0.537037037,0.484,0.846,8,35,43,31,8,5,12,13,125,Away
2017,21700917,W,0.514,0.5625,0.417,0.833,3,33,36,24,10,8,14,21,109,Away
2017,21700928,W,0.532,0.645833333,0.355,0.864,2,33,35,33,12,5,18,20,114,Away
2017,21700963,W,0.566,0.6,0.478,0.818,5,36,41,30,8,7,17,18,114,Home
2017,21700976,W,0.432,0.507692308,0.267,0.87,12,37,49,30,6,12,10,18,110,Home
2017,21700984,L,0.487,0.52,0.429,0.833,6,27,33,20,5,3,12,20,108,Away
2017,21700994,L,0.407,0.490909091,0.278,0.905,12,38,50,22,6,7,13,17,103,Away
2017,21701019,W,0.543,0.62295082,0.3,0.821,11,39,50,25,8,6,21,24,117,Home
2017,21701033,L,0.42,0.4,0.462,0.722,9,31,40,21,10,5,12,21,93,Home
2017,21701044,W,0.526,0.578125,0.419,0.786,9,34,43,29,8,9,14,21,124,Away
2017,21701056,L,0.405,0.490909091,0.158,0.75,2,34,36,17,7,9,15,24,75,Away
2017,21701087,W,0.452,0.476190476,0.4,0.909,10,36,46,28,8,6,7,17,106,Home
2017,21701102,L,0.418,0.421052632,0.4,0.9,14,27,41,24,9,7,11,19,91,Home
2017,21701114,L,0.407,0.434782609,0.294,0.667,17,34,51,21,4,9,17,17,81,Home
2017,21701128,L,0.547,0.563636364,0.5,1.0,2,29,31,26,10,7,19,19,107,Home
2017,21701142,W,0.494,0.561403509,0.346,0.75,6,36,42,28,9,6,11,18,112,Away
2017,21701153,W,0.539,0.573770492,0.464,0.889,7,38,45,31,10,7,15,14,117,Home
2017,21701163,W,0.494,0.611111111,0.276,0.875,6,34,40,27,9,5,13,25,111,Away
2017,21701175,L,0.446,0.518518519,0.31,0.958,13,26,39,29,6,5,16,14,106,Away
2017,21701195,L,0.544,0.596491228,0.455,0.636,8,34,42,31,3,0,17,21,120,Home
2017,21701203,W,0.522,0.586206897,0.406,0.667,5,36,41,27,9,7,11,15,117,Away
2017,21701217,L,0.349,0.373134328,0.263,0.875,9,30,39,14,7,3,16,18,79,Away
2018,21800002,W,0.442,0.507246377,0.269,0.944,17,41,58,28,7,7,21,29,108,Home
2018,21800024,W,0.563,0.573529412,0.526,0.889,8,35,43,27,10,6,16,23,124,Away
2018,21800038,L,0.456,0.58,0.241,0.792,6,34,40,22,4,6,19,29,98,Away
2018,21800047,W,0.511,0.607843137,0.378,0.731,7,33,40,35,12,4,14,24,123,Home
2018,21800062,W,0.576,0.644067797,0.455,0.92,10,38,48,37,6,5,18,22,144,Home
2018,21800068,W,0.586,0.648148148,0.485,0.833,6,33,39,26,10,6,14,16,128,Away
2018,21800083,W,0.494,0.589285714,0.333,0.875,12,35,47,28,11,7,12,16,120,Away
2018,21800091,W,0.552,0.568627451,0.533,0.731,8,41,49,34,9,7,7,29,149,Away
2018,21800108,W,0.528,0.543859649,0.5,0.7,12,34,46,39,10,4,17,24,131,Home
2018,21800124,W,0.489,0.555555556,0.382,0.773,12,49,61,31,3,9,16,16,116,Home
2018,21800147,W,0.506,0.49122807,0.542,0.957,8,38,46,29,4,4,13,25,117,Home
2018,21800166,L,0.483,0.542372881,0.357,0.773,8,30,38,31,5,6,18,22,111,Home
2018,21800182,W,0.554,0.582089552,0.438,0.81,6,30,36,27,9,7,10,24,116,Home
2018,21800198,L,0.468,0.507936508,0.387,0.696,11,35,46,27,7,8,17,25,116,Away
2018,21800201,W,0.429,0.421875,0.444,0.952,13,35,48,28,8,6,13,20,110,Home
2018,21800213,L,0.421,0.482758621,0.222,0.818,12,32,44,18,2,5,17,24,86,Away
2018,21800232,L,0.447,0.540983607,0.273,0.941,12,35,47,24,6,6,12,27,109,Away
2018,21800238,L,0.407,0.5,0.192,0.81,10,36,46,20,6,4,12,17,92,Away
2018,21800264,L,0.434,0.537037037,0.241,0.667,7,35,42,24,7,10,17,18,95,Home
2018,21800277,W,0.565,0.58490566,0.531,0.75,6,37,43,29,11,10,15,22,125,Home
2018,21800285,W,0.466,0.574074074,0.294,0.862,12,42,54,28,5,6,15,24,117,Home
2018,21800300,W,0.488,0.571428571,0.371,0.913,10,36,46,21,8,7,15,19,116,Home
2018,21800316,L,0.485,0.534246575,0.367,0.85,17,29,46,27,6,5,15,22,128,Away
2018,21800331,L,0.459,0.559322034,0.231,0.857,8,36,44,23,6,5,15,22,102,Away
2018,21800344,W,0.585,0.603448276,0.542,0.864,6,33,39,33,10,8,20,24,128,Away
2018,21800355,W,0.529,0.529411765,0.529,0.875,9,37,46,29,6,5,9,17,129,Away
2018,21800377,W,0.449,0.488372093,0.413,0.857,6,37,43,32,7,6,18,20,105,Away
2018,21800400,W,0.419,0.4,0.442,0.905,14,35,49,25,6,5,17,26,116,Home
2018,21800415,L,0.476,0.589285714,0.231,0.692,5,35,40,28,5,11,19,18,93,Home
2018,21800428,W,0.458,0.517857143,0.375,0.75,15,45,60,32,5,0,18,23,130,Away
2018,21800449,W,0.435,0.462962963,0.387,0.889,6,36,42,23,10,5,10,19,110,Home
2018,21800464,L,0.4,0.4375,0.323,0.944,10,38,48,18,10,9,12,21,103,Away
2018,21800484,W,0.459,0.545454545,0.349,0.938,15,39,54,34,7,7,13,23,120,Home
2018,21800494,W,0.452,0.528301887,0.35,0.861,15,31,46,22,9,7,7,27,129,Home
2018,21800500,L,0.409,0.50877193,0.25,0.762,7,30,37,28,5,1,14,21,101,Home
2018,21800516,L,0.425,0.516129032,0.295,0.4,14,45,59,36,10,9,15,19,109,Home
2018,21800534,W,0.5,0.509090909,0.48,0.821,5,37,42,27,9,4,12,18,115,Away
2018,21800548,W,0.548,0.571428571,0.5,0.813,7,37,44,31,7,8,15,24,132,Away
2018,21800565,L,0.52,0.6,0.378,0.933,9,38,47,33,8,6,15,19,134,Home
2018,21800583,W,0.505,0.565217391,0.447,0.857,12,35,47,29,5,8,14,16,127,Away
2018,21800605,W,0.51,0.68627451,0.311,0.833,15,34,49,36,9,10,16,14,122,Home
2018,21800629,W,0.576,0.660377358,0.462,0.846,11,38,49,38,6,8,12,27,146,Home
2018,21800642,W,0.455,0.481481481,0.422,0.833,16,33,49,26,9,8,10,22,119,Away
2018,21800655,W,0.6,0.642857143,0.538,0.7,12,38,50,38,6,4,10,20,142,Away
2018,21800663,W,0.48,0.471698113,0.49,0.806,10,47,57,33,8,5,10,24,147,Home
2018,21800676,W,0.488,0.673469388,0.243,0.704,3,40,43,31,11,8,10,24,112,Away
2018,21800701,W,0.51,0.557377049,0.432,0.737,13,37,50,41,8,6,12,27,130,Away
2018,21800716,W,0.568,0.632352941,0.35,0.905,8,42,50,34,5,6,15,21,126,Away
2018,21800732,W,0.446,0.5,0.364,0.853,11,42,53,25,8,7,15,19,115,Away
2018,21800745,W,0.541,0.597014925,0.419,0.813,13,35,48,39,9,7,14,19,132,Away
2018,21800768,L,0.466,0.6,0.289,0.688,9,28,37,30,13,7,15,19,104,Home
2018,21800782,W,0.473,0.561403509,0.324,0.947,7,37,44,31,4,9,10,17,115,Home
2018,21800810,W,0.579,0.639344262,0.471,0.714,14,38,52,42,14,5,12,20,141,Home
2018,21800822,W,0.506,0.596153846,0.345,0.714,9,40,49,30,5,9,18,23,117,Away
2018,21800838,W,0.537,0.673913043,0.361,0.731,7,29,36,28,8,5,12,16,120,Home
2018,21800852,W,0.494,0.645833333,0.317,0.667,5,35,40,29,12,7,7,20,115,Home
2018,21800862,L,0.402,0.440677966,0.342,0.889,18,31,49,26,1,9,9,26,107,Away
2018,21800871,W,0.457,0.5,0.413,0.833,8,41,49,32,5,11,15,26,125,Home
2018,21800892,L,0.467,0.518518519,0.389,0.7,9,36,45,26,9,10,18,19,112,Home
2018,21800897,W,0.505,0.62962963,0.341,0.846,13,36,49,35,9,8,15,18,121,Away
2018,21800915,L,0.494,0.658536585,0.354,0.714,8,29,37,21,7,3,10,21,125,Away
2018,21800923,L,0.402,0.526315789,0.225,0.9,9,38,47,16,5,3,12,14,96,Away
2018,21800938,W,0.506,0.5625,0.424,0.706,4,35,39,23,14,7,14,22,120,Away
2018,21800964,L,0.4,0.52,0.229,0.826,9,36,45,26,5,2,22,24,95,Home
2018,21800984,W,0.536,0.551020408,0.514,0.667,7,36,43,32,11,10,17,28,122,Home
2018,21801000,L,0.442,0.615384615,0.233,0.773,15,34,49,34,10,6,17,24,111,Home
2018,21801018,W,0.494,0.566037736,0.375,1.0,12,32,44,28,7,2,15,20,106,Away
2018,21801038,W,0.47,0.5,0.429,0.773,8,45,53,25,10,6,17,22,110,Away
2018,21801055,L,0.466,0.571428571,0.333,0.833,7,36,43,27,7,6,13,20,105,Away
2018,21801062,W,0.484,0.510204082,0.452,0.714,8,38,46,39,6,7,13,25,117,Away
2018,21801079,W,0.494,0.58490566,0.361,0.688,10,40,50,32,6,8,16,19,112,Home
2018,21801092,L,0.4,0.533333333,0.133,0.714,8,28,36,22,6,2,10,22,91,Home
2018,21801101,W,0.622,0.673469388,0.52,0.842,7,30,37,31,3,5,16,23,121,Home
2018,21801118,W,0.536,0.566037736,0.484,0.867,6,40,46,30,9,7,14,19,118,Away
2018,21801132,L,0.469,0.482758621,0.45,0.714,8,37,45,27,11,3,15,24,130,Away
2018,21801150,W,0.602,0.581818182,0.636,0.833,10,40,50,41,7,10,15,19,137,Home
2018,21801164,W,0.543,0.637931034,0.382,0.375,13,42,55,36,11,11,24,21,116,Home
2018,21801179,W,0.439,0.480769231,0.391,0.8,9,42,51,30,11,5,15,18,108,Away
2018,21801191,W,0.529,0.52,0.541,1.0,4,34,38,29,2,8,13,21,120,Home
2018,21801205,W,0.546,0.683333333,0.324,0.867,11,37,48,34,16,8,11,22,131,Home
2018,21801215,W,0.483,0.525423729,0.4,0.667,11,47,58,25,8,3,15,17,112,Away
2018,21801225,L,0.5,0.532258065,0.433,0.857,9,30,39,32,3,5,14,17,117,Away
2019,21900016,L,0.394,0.421052632,0.357,0.967,15,27,42,27,7,0,13,21,122,Home
2019,21900036,L,0.326,0.423728814,0.152,0.871,12,27,39,17,13,2,15,15,92,Away
2019,21900047,W,0.49,0.536231884,0.4,0.75,19,42,61,37,8,2,18,22,134,Away
2019,21900065,L,0.439,0.518518519,0.286,0.833,7,36,43,24,8,6,18,22,110,Home
2019,21900076,L,0.464,0.464285714,0.464,0.905,7,32,39,25,4,2,11,22,110,Home
2019,21900083,L,0.442,0.510204082,0.321,0.769,5,35,40,23,5,5,18,22,87,Home
2019,21900096,W,0.488,0.533333333,0.385,0.917,8,39,47,28,4,4,10,17,127,Home
2019,21900107,L,0.396,0.396825397,0.394,0.821,16,35,51,22,7,1,11,12,112,Away
2019,21900120,L,0.417,0.485294118,0.286,0.958,13,36,49,18,12,9,20,26,119,Away
2019,21900131,L,0.494,0.555555556,0.318,1.0,6,28,34,22,9,6,15,18,108,Away
2019,21900144,L,0.479,0.555555556,0.323,0.571,8,36,44,23,8,2,10,24,108,Home
2019,21900159,L,0.404,0.5,0.257,0.765,10,23,33,29,8,7,17,14,94,Away
2019,21900173,L,0.415,0.537037037,0.179,0.794,12,43,55,17,8,4,20,19,100,Home
2019,21900187,L,0.407,0.454545455,0.28,0.826,9,34,43,23,7,3,12,19,100,Away
2019,21900198,W,0.478,0.557377049,0.31,0.864,11,40,51,33,5,10,15,24,114,Away
2019,21900208,L,0.389,0.428571429,0.296,0.64,9,25,34,18,7,5,10,16,94,Away
2019,21900223,L,0.457,0.46969697,0.429,0.917,6,31,37,28,11,3,9,18,109,Away
2019,21900250,L,0.416,0.405797101,0.45,0.875,9,32,41,27,10,7,13,17,97,Home
2019,21900266,W,0.457,0.5,0.379,0.731,13,41,54,31,12,9,21,17,104,Home
2019,21900273,L,0.39,0.408163265,0.357,0.875,5,26,31,19,4,3,9,23,105,Away
2019,21900290,L,0.396,0.441176471,0.261,0.783,15,31,46,21,6,5,12,17,96,Away
2019,21900295,L,0.398,0.454545455,0.176,0.833,18,28,46,17,11,8,25,20,79,Away
2019,21900306,L,0.462,0.490909091,0.391,0.667,6,31,37,18,7,3,16,12,91,Away
2019,21900325,W,0.535,0.617021277,0.375,0.682,6,33,39,24,9,4,20,19,100,Away
2019,21900351,L,0.376,0.363636364,0.407,0.84,10,36,46,23,10,6,16,21,102,Home
2019,21900366,L,0.433,0.52238806,0.27,0.733,14,32,46,27,10,6,8,25,122,Home
2019,21900379,L,0.451,0.516129032,0.31,0.682,14,34,48,19,9,7,12,26,106,Away
2019,21900393,L,0.395,0.470588235,0.24,0.722,7,18,25,24,14,1,21,17,79,Home
2019,21900415,L,0.398,0.384615385,0.421,0.609,17,33,50,24,7,7,8,23,112,Away
2019,21900429,W,0.434,0.52,0.303,0.96,10,37,47,25,10,4,18,24,106,Home
2019,21900454,W,0.437,0.456140351,0.4,0.833,13,42,55,27,11,6,20,27,113,Home
2019,21900457,W,0.471,0.542372881,0.321,0.893,11,43,54,27,7,8,16,18,116,Home
2019,21900471,W,0.413,0.446153846,0.333,0.8,11,30,41,22,10,5,11,17,105,Home
2019,21900482,L,0.484,0.5,0.462,0.765,9,33,42,28,4,3,13,19,121,Home
2019,21900502,L,0.458,0.463768116,0.444,0.722,9,35,44,31,5,6,9,14,113,Away
2019,21900512,L,0.429,0.526315789,0.15,0.714,7,36,43,20,9,1,17,20,84,Away
2019,21900532,L,0.402,0.360655738,0.524,0.844,11,31,42,26,13,3,14,19,104,Home
2019,21900547,L,0.395,0.483333333,0.192,0.781,10,34,44,19,13,4,19,18,98,Away
2019,21900562,L,0.379,0.367346939,0.395,0.85,12,40,52,29,7,4,19,30,98,Home
2019,21900576,L,0.385,0.50877193,0.205,0.72,13,33,46,28,9,1,10,22,100,Away
2019,21900588,L,0.38,0.310344828,0.5,0.714,12,35,47,23,11,6,22,18,102,Away
2019,21900602,L,0.448,0.545454545,0.281,0.769,7,29,36,27,4,1,14,16,97,Home
2019,21900617,L,0.442,0.44,0.444,0.871,10,32,42,36,12,6,19,20,131,Home
2019,21900634,W,0.457,0.574074074,0.3,1.0,7,37,44,25,9,2,11,13,109,Home
2019,21900652,L,0.414,0.4875,0.25,0.864,19,41,60,30,7,5,9,25,124,Away
2019,21900665,L,0.398,0.446153846,0.261,0.833,11,26,37,20,5,5,8,23,96,Home
2019,21900679,L,0.488,0.488372093,0.487,0.826,7,31,38,31,6,3,20,16,118,Home
2019,21900702,L,0.425,0.468085106,0.375,0.714,6,34,40,29,6,3,14,24,104,Away
2019,21900717,L,0.429,0.552631579,0.308,0.867,3,27,30,24,11,6,17,19,104,Away
2019,21900730,W,0.533,0.545454545,0.514,0.895,10,34,44,39,11,10,11,16,131,Away
2019,21900744,W,0.494,0.49122807,0.5,0.774,12,32,44,31,8,6,14,25,125,Away
2019,21900757,L,0.365,0.526315789,0.128,0.722,7,27,34,20,6,7,7,14,88,Away
2019,21900783,L,0.517,0.578947368,0.406,0.652,8,25,33,31,15,6,18,27,120,Home
2019,21900800,L,0.39,0.441860465,0.324,0.882,6,34,40,23,8,2,16,21,101,Home
2019,21900815,L,0.506,0.608695652,0.355,0.895,4,34,38,27,8,7,22,20,106,Away
2019,21900825,L,0.494,0.660714286,0.212,0.833,13,27,40,26,11,7,23,16,105,Home
2019,21900847,L,0.435,0.50877193,0.314,0.667,11,37,48,28,9,7,15,16,101,Home
2019,21900863,L,0.443,0.607843137,0.143,0.833,5,29,34,21,7,2,17,25,94,Home
2019,21900876,L,0.425,0.520833333,0.281,0.9,5,32,37,27,7,3,27,27,86,Home
2019,21900894,W,0.471,0.561403509,0.3,0.75,13,36,49,30,9,6,10,21,115,Away
2019,21900901,L,0.472,0.540983607,0.321,0.708,18,34,52,25,7,7,22,24,110,Home
2019,21900913,W,0.512,0.585365854,0.439,0.636,5,30,35,31,8,3,11,23,116,Away
2019,21900929,L,0.408,0.565217391,0.269,0.76,14,38,52,34,4,5,16,23,113,Home
2019,21900944,W,0.55,0.636363636,0.36,0.75,7,28,35,30,4,2,7,19,118,Home
2019,21900967,L,0.468,0.634146341,0.289,0.815,4,31,35,25,3,0,10,17,107,Home
2020,22000001,L,0.374,0.409090909,0.303,0.652,13,34,47,26,6,6,18,24,99,Away
2020,22000006,L,0.343,0.444444444,0.222,0.84,10,33,43,14,5,6,11,22,99,Away
2020,22000038,W,0.404,0.421052632,0.383,0.9,10,31,41,25,17,4,12,23,129,Away
2020,22000047,W,0.5,0.558139535,0.424,0.722,4,36,40,21,8,8,19,28,116,Away
2020,22000078,L,0.392,0.545454545,0.2,0.879,3,41,44,19,4,9,15,28,98,Home
2020,22000092,W,0.557,0.666666667,0.382,0.765,11,42,53,23,4,7,15,24,137,Home
2020,22000101,W,0.526,0.518518519,0.535,0.857,3,45,48,41,4,6,11,28,137,Home
2020,22000116,L,0.453,0.553571429,0.267,0.789,8,27,35,25,10,2,13,21,101,Home
2020,22000130,W,0.488,0.487804878,0.488,0.833,9,29,38,25,13,3,16,19,115,Home
2020,22000148,W,0.409,0.531914894,0.283,0.895,12,39,51,30,2,10,15,18,106,Home
2020,22000163,L,0.382,0.411764706,0.342,0.636,10,36,46,25,8,8,16,21,95,Home
2020,22000177,L,0.469,0.519230769,0.379,0.708,5,38,43,29,9,4,19,25,104,Away
2020,22000185,L,0.432,0.490566038,0.343,0.625,9,31,40,22,9,4,17,11,98,Away
2020,22000212,W,0.506,0.64,0.324,0.75,5,27,32,31,8,3,13,27,115,Away
2020,22000223,W,0.505,0.58490566,0.395,0.7,10,44,54,31,6,2,15,22,121,Home
2020,22000228,L,0.384,0.5,0.237,0.744,9,37,46,27,5,3,10,26,104,Home
2020,22000242,L,0.452,0.518518519,0.359,0.667,4,31,35,30,6,8,11,21,108,Away
2020,22000266,W,0.494,0.508474576,0.467,0.757,15,31,46,21,13,10,15,19,130,Home
2020,22000283,W,0.529,0.588235294,0.441,0.783,11,35,46,32,11,5,21,28,123,Home
2020,22000286,L,0.384,0.442622951,0.289,0.75,12,36,48,21,8,1,13,19,93,Away
2020,22000305,W,0.528,0.566037736,0.472,0.7,8,39,47,34,6,5,14,23,118,Home
2020,22000326,L,0.458,0.5,0.405,0.696,6,30,36,30,9,4,11,23,107,Home
2020,22000339,W,0.573,0.630434783,0.512,0.852,4,41,45,37,6,6,10,19,147,Away
2020,22000360,L,0.535,0.634146341,0.444,0.87,6,34,40,27,11,4,16,24,132,Away
2020,22000371,L,0.442,0.510204082,0.351,0.733,6,43,49,29,4,6,20,19,100,Away
2020,22000378,W,0.462,0.490196078,0.425,0.684,10,40,50,26,8,4,11,19,114,Away
2020,22000393,W,0.466,0.552631579,0.4,0.75,9,37,46,29,6,6,17,20,111,Home
2020,22000409,L,0.489,0.625,0.265,0.8,5,32,37,25,6,6,13,15,117,Home
2020,22000424,W,0.523,0.568627451,0.459,0.952,5,34,39,34,9,10,14,23,129,Home
2020,22000443,W,0.453,0.581395349,0.346,0.762,9,37,46,32,10,1,16,19,120,Home
2020,22000449,L,0.474,0.490909091,0.452,0.6,9,36,45,37,8,0,13,19,120,Away
2020,22000459,L,0.435,0.52173913,0.333,0.765,9,30,39,23,10,3,14,12,100,Away
2020,22000483,W,0.449,0.529411765,0.342,0.875,7,34,41,30,9,8,10,18,114,Away
2020,22000489,W,0.47,0.596491228,0.192,0.903,8,33,41,27,10,4,18,25,111,Away
2020,22000511,W,0.608,0.672727273,0.458,0.92,4,33,37,38,10,3,25,19,130,Home
2020,22000527,L,0.407,0.519230769,0.235,0.684,3,32,35,26,10,4,20,25,91,Away
2020,22000550,L,0.423,0.472727273,0.357,0.643,17,37,54,27,8,1,11,24,106,Away
2020,22000576,L,0.432,0.557692308,0.25,0.704,5,39,44,20,6,6,16,23,104,Away
2020,22000594,W,0.562,0.586206897,0.516,0.833,5,35,40,33,12,2,14,26,131,Home
2020,22000608,L,0.43,0.5,0.351,0.667,9,21,30,24,9,2,22,23,97,Home
2020,22000622,W,0.456,0.555555556,0.356,0.833,6,42,48,32,7,4,13,26,108,Away
2020,22000636,W,0.484,0.58,0.366,0.722,8,35,43,31,13,6,13,16,116,Away
2020,22000642,L,0.344,0.367346939,0.317,0.824,7,39,46,23,8,7,12,25,103,Away
2020,22000665,L,0.434,0.482758621,0.32,0.692,6,32,38,22,5,7,13,23,98,Home
2020,22000682,L,0.511,0.5,0.531,1.0,7,31,38,24,4,0,12,19,119,Away
2020,22000692,L,0.494,0.529411765,0.429,0.692,5,28,33,29,7,4,13,22,108,Home
2020,22000716,W,0.5,0.555555556,0.421,0.889,10,29,39,28,9,8,15,14,116,Home
2020,22000733,L,0.439,0.466666667,0.405,0.88,12,34,46,23,7,3,20,26,109,Away
2020,22000737,L,0.329,0.333333333,0.324,0.778,7,31,38,19,5,4,21,18,77,Away
2020,22000759,L,0.467,0.634615385,0.25,0.714,9,36,45,25,12,6,16,26,111,Away
2020,22000774,W,0.479,0.553571429,0.375,0.882,12,30,42,28,6,5,11,18,122,Home
2020,22000798,L,0.466,0.576923077,0.306,0.667,8,33,41,27,15,3,13,20,107,Home
2020,22000802,W,0.538,0.625,0.4,0.813,9,36,45,31,13,5,16,19,125,Home
2020,22000821,W,0.481,0.567567568,0.409,0.909,4,32,36,23,11,3,16,22,116,Home
2020,22000836,W,0.547,0.583333333,0.511,0.826,9,32,41,39,12,6,14,20,147,Away
2020,22000841,W,0.511,0.652173913,0.37,0.8,9,38,47,33,9,5,16,24,119,Away
2020,22000858,L,0.513,0.6,0.425,0.75,8,32,40,22,6,2,18,23,114,Away
2020,22000870,W,0.447,0.454545455,0.438,0.781,6,39,45,15,2,5,16,19,107,Away
2020,22000885,L,0.396,0.446428571,0.333,0.905,10,34,44,22,15,5,17,23,114,Away
2020,22000903,W,0.536,0.666666667,0.385,0.722,7,45,52,40,8,4,15,15,118,Home
2020,22000946,L,0.494,0.574468085,0.395,0.714,4,30,34,28,10,7,10,21,114,Away
2020,22000958,W,0.464,0.552631579,0.391,0.708,4,46,50,32,10,8,17,18,113,Away
2020,22000977,W,0.534,0.681818182,0.386,0.857,5,33,38,31,9,8,15,28,123,Away
2020,22000987,L,0.419,0.475,0.377,0.714,8,40,48,22,7,9,18,17,103,Away
2020,22001070,W,0.494,0.590909091,0.385,0.889,12,34,46,26,9,4,20,19,113,Home
